proto,service,state,dur,sbytes,dbytes,spkts,dpkts,sttl,dttl,swin,dwin,ct_srv_src,ct_state_ttl,ct_dst_ltm,ct_src_dport_ltm,ct_dst_sport_ltm,ct_dst_src_ltm,prediction,prediction_label
-0.2050756298976785,0.5043011323241103,0.1165200498573975,0.0710345644510933,-0.0131472304279476,-0.1707966299006799,0.3574947083061339,0.2113905545020378,-0.5821238055292414,-0.009608482348372,1.0231478298481755,1.0278168637926413,-0.7530255914892935,-0.4988107995801671,-0.5673790715839311,-0.5999014035401277,-0.6048967187883252,-0.64238695660746,0,Normal
-0.2050756298976785,-0.8204465820618376,0.1165200498573975,-0.1499726946464295,-0.0026027042082664,0.1576663100568777,0.4682959094505893,0.2892469690375109,-0.5821238055292414,-0.009608482348372,1.0231478298481755,1.0278168637926413,-0.4364265751160964,-0.4988107995801671,-0.0414260381228973,-0.5999014035401277,-0.6048967187883252,-0.5661061490709132,0,Normal
-0.2050756298976785,3.1537965610960064,0.1165200498573975,-0.1502357802163228,0.5326908045462737,-0.1734692211406133,0.3574947083061339,0.0946059326988283,-0.5821238055292414,-0.009608482348372,1.0231478298481755,1.0278168637926413,-0.7530255914892935,-0.4988107995801671,-0.5673790715839311,-0.5999014035401277,-0.6048967187883252,-0.64238695660746,0,Normal
0.4179793800360633,0.0627185608621277,-2.0283461285653255,-0.1568693142165859,-0.0574215363021513,-0.1971091027711842,-0.3350127988467127,-0.2946761399785368,-0.5821238055292414,-0.009608482348372,-0.9773851729678829,-0.9729572625702528,-0.7530255914892935,-0.4988107995801671,-0.7777602849683445,-0.5003619023185456,-0.6048967187883252,-0.7186677641440069,0,Normal
0.4179793800360633,0.0627185608621277,-2.0283461285653255,-0.1568701237106471,-0.0574215363021513,-0.1971091027711842,-0.3350127988467127,-0.2946761399785368,-0.5821238055292414,-0.009608482348372,-0.9773851729678829,-0.9729572625702528,-0.7530255914892935,-0.4988107995801671,-0.3569978581995175,-0.5999014035401277,-0.6048967187883252,-0.64238695660746,0,Normal
0.4179793800360633,0.0627185608621277,-2.0283461285653255,-0.1568577114683752,-0.0574215363021513,-0.1971091027711842,-0.3350127988467127,-0.2946761399785368,-0.5821238055292414,-0.009608482348372,-0.9773851729678829,-0.9729572625702528,-0.7530255914892935,-0.4988107995801671,-0.5673790715839311,-0.5999014035401277,-0.6048967187883252,-0.7186677641440069,0,Normal
-0.2050756298976785,-0.8204465820618376,0.1165200498573975,-0.1512519650944952,-0.0059058088072027,0.1305417238261726,0.4128953088783616,0.2503187617697743,-0.5821238055292414,-0.009608482348372,1.0231478298481755,1.0278168637926413,-0.3572768210227971,-0.4988107995801671,-0.1466166448151041,-0.5999014035401277,-0.6048967187883252,-0.7186677641440069,0,Normal
0.4179793800360633,-0.8204465820618376,-2.0283461285653255,-0.1566831305825076,-0.0512282151791457,-0.1961788638313179,-0.3073124985605989,-0.2752120363446685,-0.5821238055292414,-0.009608482348372,-0.9773851729678829,-0.9729572625702528,-0.0406778046496001,-0.4988107995801671,-0.4621884648917243,-0.5999014035401277,-0.6048967187883252,-0.4135445339978194,0,Normal
0.4179793800360633,-0.8204465820618376,-2.0283461285653255,-0.1028385537757022,-0.0507200452408478,-0.1961198010414851,-0.3073124985605989,-0.2752120363446685,-0.5821238055292414,-0.009608482348372,-0.9773851729678829,-0.9729572625702528,-0.5947260833026949,-0.4988107995801671,-0.5673790715839311,-0.5999014035401277,-0.6048967187883252,-0.4135445339978194,0,Normal
0.4179793800360633,0.0627185608621277,-2.0283461285653255,-0.1568803773020891,-0.0574215363021513,-0.1971091027711842,-0.3350127988467127,-0.2946761399785368,-0.5821238055292414,-0.009608482348372,-0.9773851729678829,-0.9729572625702528,-0.7530255914892935,-0.4988107995801671,-0.5673790715839311,-0.5999014035401277,-0.6048967187883252,-0.7186677641440069,0,Normal
0.4179793800360633,-0.8204465820618376,-2.0283461285653255,-0.1566842099079225,-0.0516093426328692,-0.1961788638313179,-0.3073124985605989,-0.2752120363446685,-0.5821238055292414,-0.009608482348372,-0.9773851729678829,-0.9729572625702528,-0.2781270669294979,-0.4988107995801671,-0.5673790715839311,-0.5999014035401277,-0.6048967187883252,-0.4898253415343662,0,Normal
0.4179793800360633,0.0627185608621277,-2.0283461285653255,-0.1568596002878514,-0.0576438606501566,-0.1972124626533916,-0.3350127988467127,-0.2946761399785368,-0.5821238055292414,-0.009608482348372,-0.9773851729678829,-0.9729572625702528,-0.6738758373959942,-0.4988107995801671,-0.3569978581995175,-0.5999014035401277,-0.6048967187883252,-0.64238695660746,0,Normal
0.4179793800360633,-0.8204465820618376,-2.0283461285653255,-0.1559157302124804,-0.0507200452408478,-0.1961198010414851,-0.3073124985605989,-0.2752120363446685,-0.5821238055292414,-0.009608482348372,-0.9773851729678829,-0.9729572625702528,-0.1198275587428993,-0.4988107995801671,-0.1466166448151041,-0.5003619023185456,-0.4679733820351056,-0.4135445339978194,0,Normal
-0.2050756298976785,-0.8204465820618376,0.1165200498573975,-0.0384325079522885,-0.0117497630976284,-0.0715416115866901,0.2189932068755645,0.0167495181633552,-0.5821238055292414,-0.009608482348372,1.0231478298481755,1.0278168637926413,-0.5155763292093957,-0.4988107995801671,-0.7777602849683445,-0.5999014035401277,-0.6048967187883252,-0.7186677641440069,0,Normal
-0.2050756298976785,-0.8204465820618376,0.1165200498573975,-0.153593831413576,-0.0352843833650494,-0.186285846534327,-0.1411106968439157,-0.1389633109075908,-0.5821238055292414,-0.009608482348372,1.0231478298481755,1.0278168637926413,-0.0406778046496001,-0.4988107995801671,-0.0414260381228973,0.3954936086756931,-0.6048967187883252,-0.3372637264612724,0,Normal
-0.2050756298976785,-0.8204465820618376,0.1165200498573975,-0.1349441675687101,-0.029249865347762,-0.1665884061250942,-0.058009795985574,-0.080571000005986,-0.5821238055292414,-0.009608482348372,1.0231478298481755,1.0278168637926413,-0.5947260833026949,-0.4988107995801671,-0.5673790715839311,-0.5003619023185456,-0.6048967187883252,-0.5661061490709132,0,Normal
-0.2050756298976785,1.3874662752480755,0.1165200498573975,-0.1560787083501373,-0.0432562992720976,-0.1923693138871035,-0.2519118979883711,-0.2168197254430638,-0.5821238055292414,-0.009608482348372,1.0231478298481755,1.0278168637926413,-0.8321753455825928,-0.4988107995801671,-0.5673790715839311,-0.5999014035401277,-0.6048967187883252,-0.7186677641440069,0,Normal
0.4179793800360633,0.0627185608621277,0.8314754426649719,-0.1571488594990571,-0.0555476596546778,-0.1984232498449636,-0.3350127988467127,-0.3141402436124051,-0.2544172793508638,-0.5766175772193014,-0.9773851729678829,-0.9729572625702528,2.412964572242677,-0.4988107995801671,2.483148522490064,2.4858231343289168,1.4489533325099675,2.408845344854415,0,Normal
0.4179793800360633,0.0627185608621277,0.8314754426649719,-0.1571488594990571,-0.0555476596546778,-0.1984232498449636,-0.3350127988467127,-0.3141402436124051,-0.2544172793508638,-0.5766175772193014,-0.9773851729678829,-0.9729572625702528,1.4631675231230858,-0.4988107995801671,1.5364330622602036,1.589967623334678,2.4074166897825044,1.4934756544158525,0,Normal
-0.2050756298976785,3.1537965610960064,0.1165200498573975,-0.0352455298333043,0.5325955226828429,-0.1734692211406133,0.3574947083061339,0.0946059326988283,-0.5821238055292414,-0.009608482348372,1.0231478298481755,1.0278168637926413,-0.8321753455825928,-0.4988107995801671,-0.7777602849683445,-0.5999014035401277,-0.6048967187883252,-0.7186677641440069,0,Normal
0.4179793800360633,-0.8204465820618376,-2.0283461285653255,-0.1558933342101202,-0.0507200452408478,-0.1961788638313179,-0.3073124985605989,-0.2752120363446685,-0.5821238055292414,-0.009608482348372,-0.9773851729678829,-0.9729572625702528,-0.5947260833026949,-0.4988107995801671,-0.4621884648917243,-0.5999014035401277,-0.6048967187883252,-0.5661061490709132,0,Normal
-0.2050756298976785,-0.8204465820618376,0.1165200498573975,-0.1490250469321062,-0.0125120180050752,0.0501425011662984,0.3020941077339061,0.1724623472343013,-0.5821238055292414,-0.009608482348372,1.0231478298481755,1.0278168637926413,-0.2781270669294979,-0.4988107995801671,-0.7777602849683445,-0.5999014035401277,-0.6048967187883252,-0.64238695660746,0,Normal
0.4179793800360633,-0.8204465820618376,-2.0283461285653255,-0.1567057964162214,-0.0514823001482947,-0.1961788638313179,-0.3073124985605989,-0.2752120363446685,-0.5821238055292414,-0.009608482348372,-0.9773851729678829,-0.9729572625702528,-0.6738758373959942,-0.4988107995801671,-0.0414260381228973,-0.5999014035401277,-0.6048967187883252,-0.4898253415343662,0,Normal
-0.2050756298976785,-0.8204465820618376,0.1165200498573975,-0.0445247602569558,0.0162313441298991,-0.1756840757593426,0.0250911048727675,-0.0221786891043812,-0.5821238055292414,-0.009608482348372,1.0231478298481755,1.0278168637926413,0.8299694903766918,-0.4988107995801671,-0.2518072515073108,-0.5999014035401277,-0.6048967187883252,-0.3372637264612724,0,Normal
0.4179793800360633,0.0627185608621277,0.8314754426649719,-0.1571488594990571,-0.0555476596546778,-0.1984232498449636,-0.3350127988467127,-0.3141402436124051,-0.2544172793508638,-0.5766175772193014,-0.9773851729678829,-0.9729572625702528,0.5925202280967939,-0.4988107995801671,0.0637645685693093,0.196414606232529,0.490489975237431,0.6543867715138371,0,Normal
-0.2050756298976785,-0.8204465820618376,0.1165200498573975,-0.1535851968102565,-0.0352843833650494,-0.186285846534327,-0.1411106968439157,-0.1389633109075908,-0.5821238055292414,-0.009608482348372,1.0231478298481755,1.0278168637926413,-0.4364265751160964,-0.4988107995801671,-0.2518072515073108,-0.1022038974322172,-0.6048967187883252,-0.3372637264612724,0,Normal
0.4179793800360633,0.0627185608621277,0.8314754426649719,-0.1571475103422884,-0.0555476596546778,-0.1984232498449636,-0.3350127988467127,-0.3141402436124051,-0.2544172793508638,-0.5766175772193014,-0.9773851729678829,-0.9729572625702528,0.5925202280967939,-0.4988107995801671,1.1156706354913766,1.1918096184483498,1.8597233427696265,0.6543867715138371,0,Normal
0.4179793800360633,0.0627185608621277,0.8314754426649719,-0.1571488594990571,-0.0555476596546778,-0.1984232498449636,-0.3350127988467127,-0.3141402436124051,-0.2544172793508638,-0.5766175772193014,-0.9773851729678829,-0.9729572625702528,0.909119244469991,-0.4988107995801671,1.5364330622602036,1.589967623334678,2.4074166897825044,0.9595100016600244,0,Normal
-0.2050756298976785,3.1537965610960064,0.1165200498573975,0.0673626993894443,0.5336436231805822,-0.1734692211406133,0.3574947083061339,0.0946059326988283,-0.5821238055292414,-0.009608482348372,1.0231478298481755,1.0278168637926413,-0.8321753455825928,-0.4988107995801671,-0.5673790715839311,-0.5999014035401277,-0.6048967187883252,-0.7186677641440069,0,Normal
-0.2050756298976785,-0.8204465820618376,0.1165200498573975,-0.14823821870461,-0.0059058088072027,0.109338182276204,0.4128953088783616,0.2503187617697743,-0.5821238055292414,-0.009608482348372,1.0231478298481755,1.0278168637926413,-0.7530255914892935,-0.4988107995801671,-0.5673790715839311,-0.5999014035401277,-0.6048967187883252,-0.7186677641440069,0,Normal
-0.2050756298976785,-0.8204465820618376,0.1165200498573975,-0.0638060993009194,-0.0352843833650494,-0.186285846534327,-0.1411106968439157,-0.1389633109075908,-0.5821238055292414,-0.009608482348372,1.0231478298481755,1.0278168637926413,-0.1198275587428993,-0.4988107995801671,-0.5673790715839311,-0.4008224010969635,-0.6048967187883252,-0.0321404963150849,0,Normal
-0.2050756298976785,-0.8204465820618376,0.1165200498573975,-0.1405639451729844,-0.0141635703045434,0.011279185456328,0.2743938074477923,0.1335341399665648,-0.5821238055292414,-0.009608482348372,1.0231478298481755,1.0278168637926413,-0.3572768210227971,-0.4988107995801671,-0.6725696782761378,-0.5999014035401277,-0.6048967187883252,-0.64238695660746,0,Normal
-0.2050756298976785,-0.8204465820618376,0.1165200498573975,-0.1556415815570839,-0.0272171855945704,-0.1806305844078381,-0.0303094956994602,-0.0611068963721177,-0.5821238055292414,-0.009608482348372,1.0231478298481755,1.0278168637926413,-0.5947260833026949,-0.4988107995801671,-0.5673790715839311,-0.5999014035401277,-0.6048967187883252,-0.7186677641440069,0,Normal
0.4179793800360633,0.0627185608621277,0.8314754426649719,-0.1571472405109347,-0.0555476596546778,-0.1984232498449636,-0.3350127988467127,-0.3141402436124051,-0.2544172793508638,-0.5766175772193014,-0.9773851729678829,-0.9729572625702528,2.571264080429276,-0.4988107995801671,3.1142921626433044,3.083060141658409,1.1751066590035286,2.561406959927509,0,Normal
-0.2050756298976785,-0.8204465820618376,0.1165200498573975,0.2639170317172859,-0.0421129169109273,-0.1922364226099797,-0.1965112974161434,-0.2168197254430638,1.937826378532076,4.350495936831533,1.0231478298481755,1.0278168637926413,-0.6738758373959942,0.6920451834263169,-0.7777602849683445,-0.5999014035401277,-0.6048967187883252,-0.64238695660746,1,Fuzzers
-0.2050756298976785,-0.8204465820618376,0.1165200498573975,0.0217876440806076,-0.0477345468533477,-0.1964446463855654,-0.2242115977022573,-0.2557479327108003,1.937826378532076,4.350495936831533,1.0231478298481755,1.0278168637926413,-0.7530255914892935,0.6920451834263169,-0.7777602849683445,-0.5999014035401277,-0.6048967187883252,-0.64238695660746,1,Fuzzers
-0.2050756298976785,-0.8204465820618376,0.1165200498573975,0.088762214560241,-0.0442091179064061,-0.195809721394863,-0.2242115977022573,-0.236283829076932,1.937826378532076,4.350495936831533,1.0231478298481755,1.0278168637926413,-0.5947260833026949,0.6920451834263169,-0.7777602849683445,-0.5999014035401277,-0.6048967187883252,-0.4898253415343662,1,Fuzzers
-0.2050756298976785,-0.8204465820618376,0.1165200498573975,-0.0001752789567912,-0.0504024390294117,-0.1964446463855654,-0.2242115977022573,-0.2557479327108003,1.937826378532076,4.350495936831533,1.0231478298481755,1.0278168637926413,-0.5155763292093957,0.6920451834263169,-0.7777602849683445,-0.5999014035401277,-0.6048967187883252,-0.5661061490709132,1,Fuzzers
-0.2050756298976785,-0.8204465820618376,0.1165200498573975,0.002953145758432,-0.0477345468533477,-0.1964446463855654,-0.2242115977022573,-0.2557479327108003,1.937826378532076,4.350495936831533,1.0231478298481755,1.0278168637926413,-0.7530255914892935,0.6920451834263169,-0.7777602849683445,-0.5999014035401277,-0.6048967187883252,-0.64238695660746,1,Fuzzers
-0.2050756298976785,-0.8204465820618376,0.1165200498573975,-0.0112286505312616,0.031127075446256,-0.1964446463855654,-0.1965112974161434,-0.2557479327108003,1.937826378532076,4.350495936831533,1.0231478298481755,1.0278168637926413,-0.6738758373959942,0.6920451834263169,-0.7777602849683445,-0.5999014035401277,-0.6048967187883252,-0.5661061490709132,1,Fuzzers
-0.2050756298976785,-0.8204465820618376,0.1165200498573975,0.0729754613785214,-0.0477345468533477,-0.195809721394863,-0.2242115977022573,-0.236283829076932,1.937826378532076,4.350495936831533,1.0231478298481755,1.0278168637926413,-0.5155763292093957,0.6920451834263169,-0.7777602849683445,-0.5999014035401277,-0.6048967187883252,-0.5661061490709132,1,Fuzzers
-0.2050756298976785,0.5043011323241103,0.1165200498573975,0.3098050913964572,-0.0472898981573371,-0.193388147011719,-0.1411106968439157,-0.1973556218091955,1.937826378532076,4.350495936831533,1.0231478298481755,1.0278168637926413,-0.6738758373959942,0.6920451834263169,-0.7777602849683445,-0.5999014035401277,-0.6048967187883252,-0.5661061490709132,1,Fuzzers
-0.2050756298976785,-0.8204465820618376,0.1165200498573975,0.0049148197000978,-0.041477704488055,-0.1964446463855654,-0.2242115977022573,-0.2557479327108003,1.937826378532076,4.350495936831533,1.0231478298481755,1.0278168637926413,-0.5155763292093957,0.6920451834263169,-0.7777602849683445,-0.5999014035401277,-0.6048967187883252,-0.64238695660746,1,Fuzzers
-0.2050756298976785,-0.8204465820618376,0.1165200498573975,0.5154859296017353,-0.0512599758002894,-0.195809721394863,-0.2242115977022573,-0.236283829076932,1.937826378532076,4.350495936831533,1.0231478298481755,1.0278168637926413,-0.7530255914892935,0.6920451834263169,-0.6725696782761378,-0.5003619023185456,-0.4679733820351056,-0.64238695660746,1,Fuzzers
-0.2050756298976785,-0.8204465820618376,0.1165200498573975,0.0288380675223939,-0.0477345468533477,-0.1964446463855654,-0.2242115977022573,-0.2557479327108003,1.937826378532076,4.350495936831533,1.0231478298481755,1.0278168637926413,-0.4364265751160964,0.6920451834263169,-0.7777602849683445,-0.5999014035401277,-0.6048967187883252,-0.4135445339978194,1,Fuzzers
-0.2050756298976785,-0.8204465820618376,0.1165200498573975,0.0543830017806476,-0.0477345468533477,-0.195809721394863,-0.2242115977022573,-0.236283829076932,1.937826378532076,4.350495936831533,1.0231478298481755,1.0278168637926413,-0.8321753455825928,0.6920451834263169,-0.7777602849683445,-0.5999014035401277,-0.6048967187883252,-0.7186677641440069,1,Fuzzers
-0.2050756298976785,-0.8204465820618376,0.1165200498573975,0.0161427721604358,0.4179714409755249,-0.1927827534159329,0.0804917054449952,-0.1778915181753273,1.937826378532076,4.350495936831533,1.0231478298481755,1.0278168637926413,-0.5155763292093957,0.6920451834263169,-0.6725696782761378,-0.5003619023185456,-0.6048967187883252,-0.4135445339978194,1,Fuzzers
-0.2050756298976785,-0.8204465820618376,0.1165200498573975,8.632059191163256,-0.0074620792432399,-0.1944660429261673,-0.0857100962716879,-0.1973556218091955,1.937826378532076,4.350495936831533,1.0231478298481755,1.0278168637926413,-0.5155763292093957,0.6920451834263169,-0.6725696782761378,-0.5003619023185456,-0.4679733820351056,-0.5661061490709132,1,Fuzzers
-0.2050756298976785,-0.8204465820618376,0.1165200498573975,0.0464316114487345,-0.0427798899549433,-0.1929894731803477,-0.1965112974161434,-0.236283829076932,1.937826378532076,4.350495936831533,1.0231478298481755,1.0278168637926413,-0.7530255914892935,0.6920451834263169,-0.6725696782761378,-0.5999014035401277,-0.6048967187883252,-0.64238695660746,1,Fuzzers
-0.2050756298976785,-0.8204465820618376,0.1165200498573975,0.0381191867655216,-0.0437644692103955,-0.1927679877184748,-0.1965112974161434,-0.236283829076932,1.937826378532076,4.350495936831533,1.0231478298481755,1.0278168637926413,-0.7530255914892935,0.6920451834263169,-0.7777602849683445,-0.5999014035401277,-0.6048967187883252,-0.64238695660746,1,Fuzzers
0.4179793800360633,-0.8204465820618376,0.8314754426649719,-0.1571483198363496,-0.0585013974210343,-0.1984232498449636,-0.3350127988467127,-0.3141402436124051,1.937826378532076,-0.5766175772193014,-0.9773851729678829,-0.9729572625702528,-0.7530255914892935,1.8829011664328013,-0.6725696782761378,-0.5999014035401277,-0.6048967187883252,-0.64238695660746,1,Fuzzers
-0.2050756298976785,-0.8204465820618376,0.1165200498573975,0.0541857550610661,-0.0504024390294117,-0.1964446463855654,-0.2242115977022573,-0.2557479327108003,1.937826378532076,4.350495936831533,1.0231478298481755,1.0278168637926413,-0.5947260833026949,0.6920451834263169,-0.7777602849683445,-0.5999014035401277,-0.6048967187883252,-0.5661061490709132,1,Fuzzers
0.4179793800360633,-0.8204465820618376,0.8314754426649719,-0.1571485896677034,-0.0580885093461673,-0.1984232498449636,-0.3350127988467127,-0.3141402436124051,1.937826378532076,-0.5766175772193014,-0.9773851729678829,-0.9729572625702528,-0.8321753455825928,1.8829011664328013,-0.7777602849683445,-0.5999014035401277,-0.6048967187883252,-0.7186677641440069,1,Fuzzers
-0.2050756298976785,-0.8204465820618376,0.1165200498573975,0.0272668395495851,-0.0512599758002894,-0.195809721394863,-0.2242115977022573,-0.236283829076932,1.937826378532076,4.350495936831533,1.0231478298481755,1.0278168637926413,-0.6738758373959942,0.6920451834263169,-0.7777602849683445,-0.5999014035401277,-0.6048967187883252,-0.5661061490709132,1,Fuzzers
-0.2050756298976785,1.3874662752480755,0.1165200498573975,0.1049672063402524,1.0231224359354532,-0.1939049464227558,0.4682959094505893,-0.1778915181753273,1.937826378532076,4.350495936831533,1.0231478298481755,1.0278168637926413,-0.6738758373959942,0.6920451834263169,-0.6725696782761378,-0.5003619023185456,-0.4679733820351056,-0.5661061490709132,1,Fuzzers
0.4179793800360633,-0.8204465820618376,0.8314754426649719,-0.1571483198363496,-0.0580885093461673,-0.1984232498449636,-0.3350127988467127,-0.3141402436124051,1.937826378532076,-0.5766175772193014,-0.9773851729678829,-0.9729572625702528,-0.7530255914892935,1.8829011664328013,-0.6725696782761378,-0.5999014035401277,-0.6048967187883252,-0.64238695660746,1,Fuzzers
0.521821881691687,-0.8204465820618376,0.8314754426649719,-0.1571475103422884,-0.0565639995312736,-0.1984232498449636,-0.3350127988467127,-0.3141402436124051,1.937826378532076,-0.5766175772193014,-0.9773851729678829,-0.9729572625702528,-0.4364265751160964,1.8829011664328013,-0.6725696782761378,-0.5003619023185456,-0.4679733820351056,-0.3372637264612724,3,Backdoor
-0.2050756298976785,-0.8204465820618376,0.1165200498573975,0.200931647971296,1.4569407601361333,-0.1932700214320534,0.7175986120256141,-0.158427414541459,1.937826378532076,4.350495936831533,1.0231478298481755,1.0278168637926413,-0.6738758373959942,0.6920451834263169,-0.7777602849683445,-0.5999014035401277,-0.6048967187883252,-0.7186677641440069,1,Fuzzers
-0.2050756298976785,-0.8204465820618376,0.1165200498573975,0.1146517234572164,-0.0510058908311404,-0.195809721394863,-0.2242115977022573,-0.236283829076932,1.937826378532076,4.350495936831533,1.0231478298481755,1.0278168637926413,-0.7530255914892935,0.6920451834263169,0.2741457819537228,-0.5999014035401277,-0.6048967187883252,-0.64238695660746,1,Fuzzers
0.4179793800360633,-0.8204465820618376,0.8314754426649719,-0.1571485896677034,-0.0428434111972306,-0.1984232498449636,-0.3350127988467127,-0.3141402436124051,1.937826378532076,-0.5766175772193014,-0.9773851729678829,-0.9729572625702528,1.779766539496283,1.8829011664328013,-0.3569978581995175,-0.2017433986537993,-0.6048967187883252,1.7985988845620402,1,Fuzzers
-0.2050756298976785,-0.8204465820618376,0.1165200498573975,-0.109356599956566,-0.0514505395271511,-0.1964446463855654,-0.2242115977022573,-0.2557479327108003,1.937826378532076,4.350495936831533,1.0231478298481755,1.0278168637926413,-0.1989773128361986,0.6920451834263169,-0.5673790715839311,-0.4008224010969635,-0.6048967187883252,-0.1084213038516318,1,Fuzzers
0.4179793800360633,-0.8204465820618376,0.8314754426649719,-0.1571475103422884,-0.0580885093461673,-0.1984232498449636,-0.3350127988467127,-0.3141402436124051,1.937826378532076,-0.5766175772193014,-0.9773851729678829,-0.9729572625702528,-0.1198275587428993,1.8829011664328013,-0.6725696782761378,-0.5003619023185456,-0.6048967187883252,-0.0321404963150849,1,Fuzzers
-0.2050756298976785,-0.8204465820618376,0.1165200498573975,0.0789743520347958,-0.0477345468533477,-0.195809721394863,-0.2242115977022573,-0.236283829076932,1.937826378532076,4.350495936831533,1.0231478298481755,1.0278168637926413,-0.7530255914892935,0.6920451834263169,-0.6725696782761378,-0.5999014035401277,-0.6048967187883252,-0.64238695660746,1,Fuzzers
0.4179793800360633,-0.8204465820618376,0.8314754426649719,-0.157146970679581,-0.0376981905719644,-0.1984232498449636,-0.3350127988467127,-0.3141402436124051,1.937826378532076,-0.5766175772193014,-0.9773851729678829,-0.9729572625702528,-0.8321753455825928,1.8829011664328013,-0.7777602849683445,-0.5999014035401277,-0.6048967187883252,-0.7186677641440069,1,Fuzzers
-1.8665556563876569,-0.8204465820618376,0.8314754426649719,-0.1571485896677034,-0.0495766628796776,-0.1984232498449636,-0.3350127988467127,-0.3141402436124051,1.937826378532076,-0.5766175772193014,-0.9773851729678829,-0.9729572625702528,-0.7530255914892935,1.8829011664328013,-0.6725696782761378,-0.5003619023185456,-0.4679733820351056,-0.64238695660746,3,Backdoor
-0.2050756298976785,-0.8204465820618376,0.1165200498573975,0.0483109868275106,-0.0419223531840656,-0.1925169708616854,-0.1965112974161434,-0.2168197254430638,1.937826378532076,4.350495936831533,1.0231478298481755,1.0278168637926413,-0.3572768210227971,0.6920451834263169,-0.7777602849683445,-0.5999014035401277,-0.6048967187883252,-0.64238695660746,1,Fuzzers
-1.8665556563876569,-0.8204465820618376,-2.0283461285653255,8.532248843247402,3.887501694704371,-0.1862267837444942,3.0998244366314065,-0.080571000005986,1.937826378532076,0.5965046880308973,-0.9773851729678829,-0.9729572625702528,-0.8321753455825928,-0.4988107995801671,-0.7777602849683445,-0.5999014035401277,-0.6048967187883252,-0.7186677641440069,1,Fuzzers
-0.2050756298976785,-0.8204465820618376,0.1165200498573975,-0.012138252024708,-0.0520222307077362,-0.1964446463855654,-0.2242115977022573,-0.2557479327108003,1.937826378532076,4.350495936831533,1.0231478298481755,1.0278168637926413,-0.1198275587428993,0.6920451834263169,-0.4621884648917243,-0.4008224010969635,-0.3310500452818861,-0.1084213038516318,1,Fuzzers
-8.51247576234757,-0.8204465820618376,0.8314754426649719,-0.1571488594990571,-0.0565639995312736,-0.1984232498449636,-0.3350127988467127,-0.3141402436124051,1.937826378532076,-0.5766175772193014,-0.9773851729678829,-0.9729572625702528,-0.4364265751160964,1.8829011664328013,-0.6725696782761378,-0.5003619023185456,-0.4679733820351056,-0.3372637264612724,2,Analysis
-1.1396581447982912,-0.8204465820618376,0.8314754426649719,-0.1571493991617646,-0.0565639995312736,-0.1984232498449636,-0.3350127988467127,-0.3141402436124051,1.937826378532076,-0.5766175772193014,-0.9773851729678829,-0.9729572625702528,-0.3572768210227971,1.8829011664328013,-0.5673790715839311,-0.4008224010969635,-0.3310500452818861,-0.1847021113881787,2,Analysis
-2.904980672943893,-0.8204465820618376,0.8314754426649719,-0.1571488594990571,-0.0565639995312736,-0.1984232498449636,-0.3350127988467127,-0.3141402436124051,1.937826378532076,-0.5766175772193014,-0.9773851729678829,-0.9729572625702528,-0.5155763292093957,1.8829011664328013,-0.6725696782761378,-0.5003619023185456,-0.4679733820351056,-0.4135445339978194,2,Analysis
-0.2050756298976785,1.3874662752480755,0.1165200498573975,0.2338346134145958,-0.0464323613864594,-0.1900068022937922,-0.2242115977022573,-0.236283829076932,-0.2318168292695963,4.350495936831533,1.0231478298481755,1.0278168637926413,-0.7530255914892935,0.6920451834263169,-0.7777602849683445,-0.5999014035401277,-0.6048967187883252,-0.7186677641440069,2,Analysis
-4.047248191155753,-0.8204465820618376,0.8314754426649719,-0.1571488594990571,-0.0565639995312736,-0.1984232498449636,-0.3350127988467127,-0.3141402436124051,1.937826378532076,-0.5766175772193014,-0.9773851729678829,-0.9729572625702528,-0.6738758373959942,1.8829011664328013,-0.5673790715839311,-0.4008224010969635,-0.3310500452818861,-0.5661061490709132,2,Analysis
-9.550900778903806,-0.8204465820618376,0.8314754426649719,-0.1571483198363496,-0.0568816057427098,-0.1984232498449636,-0.3350127988467127,-0.3141402436124051,1.937826378532076,-0.5766175772193014,-0.9773851729678829,-0.9729572625702528,-0.3572768210227971,1.8829011664328013,-0.1466166448151041,-0.0026643962106351,0.2166433017309919,-0.2609829189247256,2,Analysis
0.521821881691687,-0.8204465820618376,0.8314754426649719,-0.157146970679581,-0.0565639995312736,-0.1984232498449636,-0.3350127988467127,-0.3141402436124051,1.937826378532076,-0.5766175772193014,-0.9773851729678829,-0.9729572625702528,-0.6738758373959942,1.8829011664328013,-0.5673790715839311,-0.4008224010969635,-0.3310500452818861,-0.5661061490709132,2,Analysis
0.521821881691687,-0.8204465820618376,0.8314754426649719,-0.1571485896677034,-0.0565639995312736,-0.1984232498449636,-0.3350127988467127,-0.3141402436124051,1.937826378532076,-0.5766175772193014,-0.9773851729678829,-0.9729572625702528,-0.5947260833026949,1.8829011664328013,-0.6725696782761378,-0.5003619023185456,-0.4679733820351056,-0.4898253415343662,2,Analysis
0.3141368783804397,-0.8204465820618376,0.8314754426649719,-0.1571480500049959,-0.0565639995312736,-0.1984232498449636,-0.3350127988467127,-0.3141402436124051,1.937826378532076,-0.5766175772193014,-0.9773851729678829,-0.9729572625702528,-0.6738758373959942,1.8829011664328013,-0.5673790715839311,-0.4008224010969635,-0.3310500452818861,-0.5661061490709132,2,Analysis
1.4564043965922997,-0.8204465820618376,0.8314754426649719,-0.1571485896677034,-0.0568816057427098,-0.1984232498449636,-0.3350127988467127,-0.3141402436124051,1.937826378532076,-0.5766175772193014,-0.9773851729678829,-0.9729572625702528,-0.6738758373959942,1.8829011664328013,-0.6725696782761378,-0.5003619023185456,-0.4679733820351056,-0.5661061490709132,2,Analysis
0.210294376724816,-0.8204465820618376,0.8314754426649719,-0.1571448120287511,-0.0565639995312736,-0.1984232498449636,-0.3350127988467127,-0.3141402436124051,1.937826378532076,-0.5766175772193014,-0.9773851729678829,-0.9729572625702528,-0.5947260833026949,1.8829011664328013,-0.7777602849683445,-0.5999014035401277,-0.6048967187883252,-0.4898253415343662,2,Analysis
0.521821881691687,-0.8204465820618376,0.8314754426649719,-0.1571475103422884,-0.0565639995312736,-0.1984232498449636,-0.3350127988467127,-0.3141402436124051,1.937826378532076,-0.5766175772193014,-0.9773851729678829,-0.9729572625702528,-0.5155763292093957,1.8829011664328013,-0.6725696782761378,-0.5003619023185456,-0.4679733820351056,-0.4135445339978194,3,Backdoor
-3.6318781845332584,-0.8204465820618376,0.8314754426649719,0.1575254970837949,-0.0521175125711671,-0.1984232498449636,-0.2519118979883711,-0.3141402436124051,1.937826378532076,-0.5766175772193014,-0.9773851729678829,-0.9729572625702528,-0.5947260833026949,1.8829011664328013,-0.7777602849683445,-0.5999014035401277,-0.6048967187883252,-0.4898253415343662,2,Analysis
0.521821881691687,-0.8204465820618376,0.8314754426649719,-0.1571472405109347,-0.0565639995312736,-0.1984232498449636,-0.3350127988467127,-0.3141402436124051,1.937826378532076,-0.5766175772193014,-0.9773851729678829,-0.9729572625702528,-0.7530255914892935,1.8829011664328013,-0.5673790715839311,-0.5003619023185456,-0.4679733820351056,-0.5661061490709132,2,Analysis
-9.65474328055943,-0.8204465820618376,0.8314754426649719,-0.1571485896677034,-0.0565639995312736,-0.1984232498449636,-0.3350127988467127,-0.3141402436124051,1.937826378532076,-0.5766175772193014,-0.9773851729678829,-0.9729572625702528,-0.3572768210227971,1.8829011664328013,-0.4621884648917243,-0.3012828998753813,-0.1941267085286666,-0.2609829189247256,2,Analysis
0.521821881691687,-0.8204465820618376,0.8314754426649719,-0.1571475103422884,-0.0565639995312736,-0.1984232498449636,-0.3350127988467127,-0.3141402436124051,1.937826378532076,-0.5766175772193014,-0.9773851729678829,-0.9729572625702528,-0.6738758373959942,1.8829011664328013,-0.7777602849683445,-0.5999014035401277,-0.6048967187883252,-0.4898253415343662,2,Analysis
-5.501043214334484,-0.8204465820618376,0.8314754426649719,-0.1571488594990571,-0.0565639995312736,-0.1984232498449636,-0.3350127988467127,-0.3141402436124051,1.937826378532076,-0.5766175772193014,-0.9773851729678829,-0.9729572625702528,-0.6738758373959942,1.8829011664328013,-0.6725696782761378,-0.5999014035401277,-0.6048967187883252,-0.5661061490709132,2,Analysis
1.1448768916254288,-0.8204465820618376,0.8314754426649719,-0.1571483198363496,-0.0565639995312736,-0.1984232498449636,-0.3350127988467127,-0.3141402436124051,1.937826378532076,-0.5766175772193014,-0.9773851729678829,-0.9729572625702528,-0.5155763292093957,1.8829011664328013,-0.6725696782761378,-0.5003619023185456,-0.4679733820351056,-0.4135445339978194,4,DoS
-0.2050756298976785,1.3874662752480755,0.1165200498573975,0.1890288472952625,-0.0460194733115924,-0.1896671912522537,-0.2242115977022573,-0.2168197254430638,-0.2318168292695963,4.350495936831533,1.0231478298481755,1.0278168637926413,-0.6738758373959942,0.6920451834263169,-0.6725696782761378,-0.5003619023185456,-0.4679733820351056,-0.64238695660746,2,Analysis
-3.839563187844506,-0.8204465820618376,0.8314754426649719,-0.0267585242642238,-0.043224538650954,-0.1984232498449636,-0.0857100962716879,-0.3141402436124051,1.937826378532076,-0.5766175772193014,-0.9773851729678829,-0.9729572625702528,-0.8321753455825928,1.8829011664328013,-0.7777602849683445,-0.5999014035401277,-0.6048967187883252,-0.7186677641440069,2,Analysis
0.521821881691687,-0.8204465820618376,0.8314754426649719,-0.1571477801736422,-0.0565639995312736,-0.1984232498449636,-0.3350127988467127,-0.3141402436124051,1.937826378532076,-0.5766175772193014,-0.9773851729678829,-0.9729572625702528,-0.5155763292093957,1.8829011664328013,-0.6725696782761378,-0.5003619023185456,-0.4679733820351056,-0.4135445339978194,2,Analysis
-10.693168297115664,-0.8204465820618376,0.8314754426649719,-0.1571488594990571,-0.0565639995312736,-0.1984232498449636,-0.3350127988467127,-0.3141402436124051,1.937826378532076,-0.5766175772193014,-0.9773851729678829,-0.9729572625702528,-0.5947260833026949,1.8829011664328013,-0.5673790715839311,-0.4008224010969635,-0.3310500452818861,-0.4898253415343662,2,Analysis
-7.681735749102581,-0.8204465820618376,0.8314754426649719,-0.1571477801736422,-0.0565639995312736,-0.1984232498449636,-0.3350127988467127,-0.3141402436124051,1.937826378532076,-0.5766175772193014,-0.9773851729678829,-0.9729572625702528,-0.5155763292093957,1.8829011664328013,-0.6725696782761378,-0.5003619023185456,-0.4679733820351056,-0.4135445339978194,2,Analysis
0.521821881691687,-0.8204465820618376,0.8314754426649719,-0.1571480500049959,-0.0565639995312736,-0.1984232498449636,-0.3350127988467127,-0.3141402436124051,1.937826378532076,-0.5766175772193014,-0.9773851729678829,-0.9729572625702528,-0.4364265751160964,1.8829011664328013,-0.6725696782761378,-0.5003619023185456,-0.4679733820351056,-0.3372637264612724,2,Analysis
-3.839563187844506,-0.8204465820618376,0.8314754426649719,0.1450708912893699,-0.0117180024764848,-0.1984232498449636,0.0250911048727675,-0.3141402436124051,1.937826378532076,-0.5766175772193014,-0.9773851729678829,-0.9729572625702528,-0.8321753455825928,1.8829011664328013,-0.7777602849683445,-0.5999014035401277,-0.6048967187883252,-0.7186677641440069,2,Analysis
-3.6318781845332584,-0.8204465820618376,0.8314754426649719,-0.1571472405109347,-0.0565639995312736,-0.1984232498449636,-0.3350127988467127,-0.3141402436124051,1.937826378532076,-0.5766175772193014,-0.9773851729678829,-0.9729572625702528,-0.5947260833026949,1.8829011664328013,-0.5673790715839311,-0.5003619023185456,-0.4679733820351056,-0.4135445339978194,2,Analysis
-11.835435815327523,-0.8204465820618376,0.8314754426649719,-0.1571485896677034,-0.0565639995312736,-0.1984232498449636,-0.3350127988467127,-0.3141402436124051,1.937826378532076,-0.5766175772193014,-0.9773851729678829,-0.9729572625702528,-0.5947260833026949,1.8829011664328013,-0.6725696782761378,-0.5003619023185456,-0.4679733820351056,-0.4898253415343662,2,Analysis
0.521821881691687,-0.8204465820618376,0.8314754426649719,-0.1571488594990571,-0.0565639995312736,-0.1984232498449636,-0.3350127988467127,-0.3141402436124051,1.937826378532076,-0.5766175772193014,-0.9773851729678829,-0.9729572625702528,-0.6738758373959942,1.8829011664328013,-0.7777602849683445,-0.5999014035401277,-0.6048967187883252,-0.5661061490709132,2,Analysis
0.521821881691687,-0.8204465820618376,0.8314754426649719,-0.1571475103422884,-0.0565639995312736,-0.1984232498449636,-0.3350127988467127,-0.3141402436124051,1.937826378532076,-0.5766175772193014,-0.9773851729678829,-0.9729572625702528,-0.6738758373959942,1.8829011664328013,-0.7777602849683445,-0.5999014035401277,-0.6048967187883252,-0.5661061490709132,2,Analysis
-1.3473431481095386,-0.8204465820618376,0.8314754426649719,-0.1571488594990571,-0.0565639995312736,-0.1984232498449636,-0.3350127988467127,-0.3141402436124051,1.937826378532076,-0.5766175772193014,-0.9773851729678829,-0.9729572625702528,-0.7530255914892935,1.8829011664328013,-0.6725696782761378,-0.5003619023185456,-0.4679733820351056,-0.64238695660746,2,Analysis
-1.3473431481095386,-0.8204465820618376,0.8314754426649719,-0.1571472405109347,-0.0565639995312736,-0.1984232498449636,-0.3350127988467127,-0.3141402436124051,1.937826378532076,-0.5766175772193014,-0.9773851729678829,-0.9729572625702528,-0.4364265751160964,1.8829011664328013,-0.6725696782761378,-0.5003619023185456,-0.4679733820351056,-0.3372637264612724,2,Analysis
-0.2050756298976785,1.3874662752480755,0.1165200498573975,0.351352374088066,-0.0462735582807413,-0.1896228941598791,-0.2242115977022573,-0.2168197254430638,-0.2318168292695963,4.350495936831533,1.0231478298481755,1.0278168637926413,-0.7530255914892935,0.6920451834263169,-0.7777602849683445,-0.5999014035401277,-0.6048967187883252,-0.7186677641440069,2,Analysis
-9.758585782215054,-0.8204465820618376,0.8314754426649719,-0.1571483198363496,-0.0565639995312736,-0.1984232498449636,-0.3350127988467127,-0.3141402436124051,1.937826378532076,-0.5766175772193014,-0.9773851729678829,-0.9729572625702528,-0.4364265751160964,1.8829011664328013,-0.6725696782761378,-0.5003619023185456,-0.4679733820351056,-0.3372637264612724,2,Analysis
0.521821881691687,-0.8204465820618376,0.8314754426649719,-0.1571483198363496,-0.0565639995312736,-0.1984232498449636,-0.3350127988467127,-0.3141402436124051,1.937826378532076,-0.5766175772193014,-0.9773851729678829,-0.9729572625702528,-0.6738758373959942,1.8829011664328013,-0.6725696782761378,-0.5999014035401277,-0.6048967187883252,-0.5661061490709132,2,Analysis
0.521821881691687,-0.8204465820618376,0.8314754426649719,-0.1571491293304109,-0.0565639995312736,-0.1984232498449636,-0.3350127988467127,-0.3141402436124051,1.937826378532076,-0.5766175772193014,-0.9773851729678829,-0.9729572625702528,-0.5155763292093957,1.8829011664328013,-0.6725696782761378,-0.5003619023185456,-0.4679733820351056,-0.4135445339978194,3,Backdoor
0.521821881691687,-0.8204465820618376,0.8314754426649719,-0.1571475103422884,-0.0565639995312736,-0.1984232498449636,-0.3350127988467127,-0.3141402436124051,1.937826378532076,-0.5766175772193014,-0.9773851729678829,-0.9729572625702528,-0.6738758373959942,1.8829011664328013,-0.5673790715839311,-0.4008224010969635,-0.3310500452818861,-0.5661061490709132,3,Backdoor
-3.839563187844506,-0.8204465820618376,0.8314754426649719,7.397240490480776,-0.0454477821310072,-0.1984232498449636,-0.0857100962716879,-0.3141402436124051,1.937826378532076,-0.5766175772193014,-0.9773851729678829,-0.9729572625702528,-0.8321753455825928,1.8829011664328013,-0.7777602849683445,-0.5999014035401277,-0.6048967187883252,-0.7186677641440069,3,Backdoor
0.521821881691687,-0.8204465820618376,0.8314754426649719,-0.1571477801736422,-0.0565639995312736,-0.1984232498449636,-0.3350127988467127,-0.3141402436124051,1.937826378532076,-0.5766175772193014,-0.9773851729678829,-0.9729572625702528,-0.4364265751160964,1.8829011664328013,-0.5673790715839311,-0.4008224010969635,-0.3310500452818861,-0.3372637264612724,3,Backdoor
0.521821881691687,-0.8204465820618376,0.8314754426649719,-0.1571472405109347,-0.0565639995312736,-0.1984232498449636,-0.3350127988467127,-0.3141402436124051,1.937826378532076,-0.5766175772193014,-0.9773851729678829,-0.9729572625702528,-0.7530255914892935,1.8829011664328013,-0.7777602849683445,-0.5999014035401277,-0.6048967187883252,-0.64238695660746,3,Backdoor
-0.2050756298976785,-0.8204465820618376,0.1165200498573975,0.0484154115614067,-0.0522445550557415,-0.1942593231617525,-0.2242115977022573,-0.236283829076932,1.937826378532076,4.350495936831533,1.0231478298481755,1.0278168637926413,-0.7530255914892935,0.6920451834263169,-0.7777602849683445,-0.5999014035401277,-0.6048967187883252,-0.7186677641440069,3,Backdoor
-5.189515709367613,-0.8204465820618376,0.8314754426649719,-0.1571485896677034,-0.0565639995312736,-0.1984232498449636,-0.3350127988467127,-0.3141402436124051,1.937826378532076,-0.5766175772193014,-0.9773851729678829,-0.9729572625702528,-0.5947260833026949,1.8829011664328013,-0.5673790715839311,-0.5003619023185456,-0.4679733820351056,-0.3372637264612724,3,Backdoor
-0.2050756298976785,1.3874662752480755,0.1165200498573975,-0.0812749811418335,-0.0461147551750232,-0.190818915653993,-0.2242115977022573,-0.236283829076932,-0.2318168292695963,4.350495936831533,1.0231478298481755,1.0278168637926413,-0.8321753455825928,0.6920451834263169,-0.7777602849683445,-0.5999014035401277,-0.6048967187883252,-0.7186677641440069,3,Backdoor
0.521821881691687,-0.8204465820618376,0.8314754426649719,-0.1571480500049959,-0.0565639995312736,-0.1984232498449636,-0.3350127988467127,-0.3141402436124051,1.937826378532076,-0.5766175772193014,-0.9773851729678829,-0.9729572625702528,-0.8321753455825928,1.8829011664328013,-0.7777602849683445,-0.5999014035401277,-0.6048967187883252,-0.7186677641440069,3,Backdoor
-3.839563187844506,-0.8204465820618376,0.8314754426649719,7.951307065448001,-0.0394132641137198,-0.1984232498449636,-0.0857100962716879,-0.3141402436124051,1.937826378532076,-0.5766175772193014,-0.9773851729678829,-0.9729572625702528,-0.8321753455825928,1.8829011664328013,-0.7777602849683445,-0.5999014035401277,-0.6048967187883252,-0.7186677641440069,3,Backdoor
0.521821881691687,-0.8204465820618376,0.8314754426649719,-0.1571475103422884,-0.0565639995312736,-0.1984232498449636,-0.3350127988467127,-0.3141402436124051,1.937826378532076,-0.5766175772193014,-0.9773851729678829,-0.9729572625702528,-0.4364265751160964,1.8829011664328013,-0.6725696782761378,-0.5003619023185456,-0.4679733820351056,-0.3372637264612724,3,Backdoor
-0.2050756298976785,-0.8204465820618376,0.1165200498573975,-0.0069421096458003,-0.0510217711417122,-0.1954848760507827,-0.1965112974161434,-0.236283829076932,1.937826378532076,4.350495936831533,1.0231478298481755,1.0278168637926413,-0.8321753455825928,0.6920451834263169,-0.7777602849683445,-0.5999014035401277,-0.6048967187883252,-0.7186677641440069,3,Backdoor
-1.6588706530764097,-0.8204465820618376,0.8314754426649719,-0.1571472405109347,-0.0565639995312736,-0.1984232498449636,-0.3350127988467127,-0.3141402436124051,1.937826378532076,-0.5766175772193014,-0.9773851729678829,-0.9729572625702528,-0.5155763292093957,1.8829011664328013,-0.5673790715839311,-0.4008224010969635,-0.3310500452818861,-0.4135445339978194,3,Backdoor
-1.8665556563876569,-0.8204465820618376,-2.0283461285653255,0.1739698292745709,-0.0507200452408478,-0.1952338591939934,-0.3073124985605989,-0.2946761399785368,1.937826378532076,0.5965046880308973,-0.9773851729678829,-0.9729572625702528,-0.7530255914892935,-0.4988107995801671,-0.6725696782761378,-0.5003619023185456,-0.4679733820351056,-0.64238695660746,3,Backdoor
0.521821881691687,-0.8204465820618376,0.8314754426649719,-0.1571480500049959,-0.0565639995312736,-0.1984232498449636,-0.3350127988467127,-0.3141402436124051,1.937826378532076,-0.5766175772193014,-0.9773851729678829,-0.9729572625702528,-0.5155763292093957,1.8829011664328013,-0.4621884648917243,-0.3012828998753813,-0.1941267085286666,-0.4135445339978194,3,Backdoor
0.521821881691687,-0.8204465820618376,0.8314754426649719,-0.157146970679581,-0.0565639995312736,-0.1984232498449636,-0.3350127988467127,-0.3141402436124051,1.937826378532076,-0.5766175772193014,-0.9773851729678829,-0.9729572625702528,-0.5155763292093957,1.8829011664328013,-0.7777602849683445,-0.5999014035401277,-0.6048967187883252,-0.4135445339978194,3,Backdoor
-0.2050756298976785,-0.8204465820618376,0.1165200498573975,0.0314060525159061,-0.0539596285974969,-0.1942445574642943,-0.2519118979883711,-0.236283829076932,-0.2318168292695963,4.350495936831533,1.0231478298481755,1.0278168637926413,-0.8321753455825928,0.6920451834263169,-0.7777602849683445,-0.5999014035401277,-0.6048967187883252,-0.7186677641440069,3,Backdoor
0.521821881691687,-0.8204465820618376,0.8314754426649719,-0.1571472405109347,-0.0565639995312736,-0.1984232498449636,-0.3350127988467127,-0.3141402436124051,1.937826378532076,-0.5766175772193014,-0.9773851729678829,-0.9729572625702528,-0.4364265751160964,1.8829011664328013,-0.5673790715839311,-0.4008224010969635,-0.3310500452818861,-0.3372637264612724,3,Backdoor
-3.424193181222011,-0.8204465820618376,0.8314754426649719,-0.1571472405109347,-0.0565639995312736,-0.1984232498449636,-0.3350127988467127,-0.3141402436124051,1.937826378532076,-0.5766175772193014,-0.9773851729678829,-0.9729572625702528,-0.5947260833026949,1.8829011664328013,-0.6725696782761378,-0.5003619023185456,-0.4679733820351056,-0.4898253415343662,3,Backdoor
0.521821881691687,-0.8204465820618376,0.8314754426649719,-0.1571480500049959,-0.0565639995312736,-0.1984232498449636,-0.3350127988467127,-0.3141402436124051,1.937826378532076,-0.5766175772193014,-0.9773851729678829,-0.9729572625702528,-0.2781270669294979,1.8829011664328013,-0.2518072515073108,-0.1022038974322172,0.0797199649777724,-0.1847021113881787,3,Backdoor
0.521821881691687,-0.8204465820618376,0.8314754426649719,-0.1571488594990571,-0.0565639995312736,-0.1984232498449636,-0.3350127988467127,-0.3141402436124051,1.937826378532076,-0.5766175772193014,-0.9773851729678829,-0.9729572625702528,-0.4364265751160964,1.8829011664328013,-0.5673790715839311,-0.4008224010969635,-0.3310500452818861,-0.3372637264612724,3,Backdoor
1.352561894936676,-0.8204465820618376,0.8314754426649719,-0.1571488594990571,-0.0565639995312736,-0.1984232498449636,-0.3350127988467127,-0.3141402436124051,1.937826378532076,-0.5766175772193014,-0.9773851729678829,-0.9729572625702528,-0.6738758373959942,1.8829011664328013,-0.7777602849683445,-0.5999014035401277,-0.6048967187883252,-0.5661061490709132,3,Backdoor
-1.0358156431426675,-0.8204465820618376,0.8314754426649719,-0.1571472405109347,-0.0565639995312736,-0.1984232498449636,-0.3350127988467127,-0.3141402436124051,1.937826378532076,-0.5766175772193014,-0.9773851729678829,-0.9729572625702528,-0.5947260833026949,1.8829011664328013,-0.6725696782761378,-0.5003619023185456,-0.4679733820351056,-0.4898253415343662,3,Backdoor
-1.8665556563876569,-0.8204465820618376,0.8314754426649719,-0.1571485896677034,-0.0495766628796776,-0.1984232498449636,-0.3350127988467127,-0.3141402436124051,1.937826378532076,-0.5766175772193014,-0.9773851729678829,-0.9729572625702528,-0.7530255914892935,1.8829011664328013,-0.6725696782761378,-0.5003619023185456,-0.4679733820351056,-0.64238695660746,3,Backdoor
0.521821881691687,-0.8204465820618376,0.8314754426649719,-0.1571483198363496,-0.0565639995312736,-0.1984232498449636,-0.3350127988467127,-0.3141402436124051,1.937826378532076,-0.5766175772193014,-0.9773851729678829,-0.9729572625702528,-0.5947260833026949,1.8829011664328013,-0.6725696782761378,-0.5003619023185456,-0.4679733820351056,-0.4898253415343662,3,Backdoor
-3.839563187844506,-0.8204465820618376,0.8314754426649719,1.0837871878039864,0.0235998082352185,-0.1984232498449636,0.7729992125978419,-0.3141402436124051,1.937826378532076,-0.5766175772193014,-0.9773851729678829,-0.9729572625702528,-0.8321753455825928,1.8829011664328013,0.4845269953381362,-0.5999014035401277,-0.6048967187883252,-0.7186677641440069,3,Backdoor
-2.904980672943893,-0.8204465820618376,0.8314754426649719,-0.1571472405109347,-0.0565639995312736,-0.1984232498449636,-0.3350127988467127,-0.3141402436124051,1.937826378532076,-0.5766175772193014,-0.9773851729678829,-0.9729572625702528,-0.5947260833026949,1.8829011664328013,-0.7777602849683445,-0.5999014035401277,-0.6048967187883252,-0.4898253415343662,3,Backdoor
0.521821881691687,-0.8204465820618376,0.8314754426649719,-0.1571475103422884,-0.0565639995312736,-0.1984232498449636,-0.3350127988467127,-0.3141402436124051,1.937826378532076,-0.5766175772193014,-0.9773851729678829,-0.9729572625702528,-0.5155763292093957,1.8829011664328013,-0.6725696782761378,-0.5003619023185456,-0.4679733820351056,-0.4135445339978194,3,Backdoor
0.521821881691687,-0.8204465820618376,0.8314754426649719,-0.1571477801736422,-0.0565639995312736,-0.1984232498449636,-0.3350127988467127,-0.3141402436124051,1.937826378532076,-0.5766175772193014,-0.9773851729678829,-0.9729572625702528,-0.8321753455825928,1.8829011664328013,-0.7777602849683445,-0.5999014035401277,-0.6048967187883252,-0.7186677641440069,3,Backdoor
0.521821881691687,-0.8204465820618376,0.8314754426649719,-0.1571493991617646,-0.0565639995312736,-0.1984232498449636,-0.3350127988467127,-0.3141402436124051,1.937826378532076,-0.5766175772193014,-0.9773851729678829,-0.9729572625702528,-0.6738758373959942,1.8829011664328013,-0.6725696782761378,-0.5003619023185456,-0.4679733820351056,-0.5661061490709132,4,DoS
0.521821881691687,-0.8204465820618376,0.8314754426649719,-0.1571488594990571,-0.0565639995312736,-0.1984232498449636,-0.3350127988467127,-0.3141402436124051,1.937826378532076,-0.5766175772193014,-0.9773851729678829,-0.9729572625702528,-0.5947260833026949,1.8829011664328013,-0.6725696782761378,-0.5003619023185456,-0.4679733820351056,-0.4135445339978194,3,Backdoor
-2.385768164665775,-0.8204465820618376,0.8314754426649719,2.8977325107692797,-0.0533879374169118,-0.1984232498449636,-0.3073124985605989,-0.3141402436124051,1.937826378532076,-0.5766175772193014,-0.9773851729678829,-0.9729572625702528,-0.7530255914892935,1.8829011664328013,-0.7777602849683445,-0.5999014035401277,-0.6048967187883252,-0.64238695660746,3,Backdoor
0.521821881691687,-0.8204465820618376,0.8314754426649719,-0.1571472405109347,-0.0565639995312736,-0.1984232498449636,-0.3350127988467127,-0.3141402436124051,1.937826378532076,-0.5766175772193014,-0.9773851729678829,-0.9729572625702528,-0.4364265751160964,1.8829011664328013,-0.6725696782761378,-0.5003619023185456,-0.4679733820351056,-0.3372637264612724,3,Backdoor
0.521821881691687,-0.8204465820618376,0.8314754426649719,-0.1571472405109347,-0.0565639995312736,-0.1984232498449636,-0.3350127988467127,-0.3141402436124051,1.937826378532076,-0.5766175772193014,-0.9773851729678829,-0.9729572625702528,-0.4364265751160964,1.8829011664328013,-0.6725696782761378,-0.5003619023185456,-0.4679733820351056,-0.3372637264612724,3,Backdoor
-10.48548329380442,-0.8204465820618376,0.8314754426649719,-0.1571472405109347,-0.0565639995312736,-0.1984232498449636,-0.3350127988467127,-0.3141402436124051,1.937826378532076,-0.5766175772193014,-0.9773851729678829,-0.9729572625702528,-0.3572768210227971,1.8829011664328013,-0.5673790715839311,-0.4008224010969635,-0.3310500452818861,-0.1847021113881787,4,DoS
-3.839563187844506,-0.8204465820618376,0.8314754426649719,4.052795809071032,-0.0454477821310072,-0.1984232498449636,-0.0857100962716879,-0.3141402436124051,1.937826378532076,-0.5766175772193014,-0.9773851729678829,-0.9729572625702528,-0.7530255914892935,1.8829011664328013,-0.5673790715839311,-0.5003619023185456,-0.4679733820351056,-0.5661061490709132,4,DoS
-5.397200712678861,-0.8204465820618376,0.8314754426649719,-0.1571488594990571,-0.0565639995312736,-0.1984232498449636,-0.3350127988467127,-0.3141402436124051,1.937826378532076,-0.5766175772193014,-0.9773851729678829,-0.9729572625702528,-0.4364265751160964,1.8829011664328013,-0.6725696782761378,-0.5003619023185456,-0.4679733820351056,-0.3372637264612724,4,DoS
0.3141368783804397,-0.8204465820618376,0.8314754426649719,-0.1571491293304109,-0.0565639995312736,-0.1984232498449636,-0.3350127988467127,-0.3141402436124051,1.937826378532076,-0.5766175772193014,-0.9773851729678829,-0.9729572625702528,-0.3572768210227971,1.8829011664328013,-0.4621884648917243,-0.3012828998753813,-0.1941267085286666,-0.2609829189247256,4,DoS
-0.1012331282420548,-0.8204465820618376,0.8314754426649719,-0.1571488594990571,-0.0565639995312736,-0.1984232498449636,-0.3350127988467127,-0.3141402436124051,1.937826378532076,-0.5766175772193014,-0.9773851729678829,-0.9729572625702528,-0.4364265751160964,1.8829011664328013,-0.5673790715839311,-0.4008224010969635,-0.3310500452818861,-0.3372637264612724,5,Exploits
-0.2050756298976785,1.3874662752480755,0.1165200498573975,-0.0431907140440815,-0.0522763156768851,-0.1964446463855654,-0.2242115977022573,-0.2557479327108003,1.937826378532076,4.350495936831533,1.0231478298481755,1.0278168637926413,-0.8321753455825928,0.6920451834263169,-0.7777602849683445,-0.5999014035401277,-0.6048967187883252,-0.7186677641440069,4,DoS
-9.65474328055943,-0.8204465820618376,0.8314754426649719,-0.1571485896677034,-0.0565639995312736,-0.1984232498449636,-0.3350127988467127,-0.3141402436124051,1.937826378532076,-0.5766175772193014,-0.9773851729678829,-0.9729572625702528,-0.3572768210227971,1.8829011664328013,-0.4621884648917243,-0.3012828998753813,-0.1941267085286666,-0.2609829189247256,2,Analysis
1.1448768916254288,-0.8204465820618376,0.8314754426649719,-0.1571491293304109,-0.0565639995312736,-0.1984232498449636,-0.3350127988467127,-0.3141402436124051,1.937826378532076,-0.5766175772193014,-0.9773851729678829,-0.9729572625702528,-0.5155763292093957,1.8829011664328013,-0.6725696782761378,-0.5003619023185456,-0.4679733820351056,-0.4135445339978194,4,DoS
-9.135530772281312,-0.8204465820618376,0.8314754426649719,-0.1571493991617646,-0.0565639995312736,-0.1984232498449636,-0.3350127988467127,-0.3141402436124051,1.937826378532076,-0.5766175772193014,-0.9773851729678829,-0.9729572625702528,-0.5155763292093957,1.8829011664328013,-0.5673790715839311,-0.4008224010969635,-0.3310500452818861,-0.4135445339978194,4,DoS
0.0026093734135687,-0.8204465820618376,0.8314754426649719,-0.157146970679581,-0.0565639995312736,-0.1984232498449636,-0.3350127988467127,-0.3141402436124051,1.937826378532076,-0.5766175772193014,-0.9773851729678829,-0.9729572625702528,-0.3572768210227971,1.8829011664328013,-0.6725696782761378,-0.5999014035401277,-0.6048967187883252,-0.2609829189247256,4,DoS
-9.343215775592558,-0.8204465820618376,0.8314754426649719,-0.1571475103422884,-0.0568816057427098,-0.1984232498449636,-0.3350127988467127,-0.3141402436124051,1.937826378532076,-0.5766175772193014,-0.9773851729678829,-0.9729572625702528,-0.1198275587428993,1.8829011664328013,0.0637645685693093,0.0968751050109469,0.3535666384842115,-0.0321404963150849,4,DoS
1.1448768916254288,-0.8204465820618376,0.8314754426649719,-0.1571483198363496,-0.0565639995312736,-0.1984232498449636,-0.3350127988467127,-0.3141402436124051,1.937826378532076,-0.5766175772193014,-0.9773851729678829,-0.9729572625702528,-0.5155763292093957,1.8829011664328013,-0.6725696782761378,-0.5003619023185456,-0.4679733820351056,-0.4135445339978194,4,DoS
0.521821881691687,-0.8204465820618376,0.8314754426649719,-0.1571472405109347,-0.0565639995312736,-0.1984232498449636,-0.3350127988467127,-0.3141402436124051,1.937826378532076,-0.5766175772193014,-0.9773851729678829,-0.9729572625702528,-0.5155763292093957,1.8829011664328013,-0.5673790715839311,-0.5003619023185456,-0.4679733820351056,-0.4135445339978194,4,DoS
0.521821881691687,-0.8204465820618376,0.8314754426649719,-0.1571488594990571,-0.0565639995312736,-0.1984232498449636,-0.3350127988467127,-0.3141402436124051,1.937826378532076,-0.5766175772193014,-0.9773851729678829,-0.9729572625702528,-0.6738758373959942,1.8829011664328013,-0.6725696782761378,-0.5003619023185456,-0.4679733820351056,-0.5661061490709132,4,DoS
0.521821881691687,-0.8204465820618376,0.8314754426649719,-0.1571493991617646,-0.0565639995312736,-0.1984232498449636,-0.3350127988467127,-0.3141402436124051,1.937826378532076,-0.5766175772193014,-0.9773851729678829,-0.9729572625702528,-0.6738758373959942,1.8829011664328013,-0.6725696782761378,-0.5003619023185456,-0.4679733820351056,-0.5661061490709132,4,DoS
-0.2050756298976785,1.3874662752480755,0.1165200498573975,0.2276686971503584,-0.0470675738093318,-0.1895933627649627,-0.2242115977022573,-0.236283829076932,-0.2318168292695963,4.350495936831533,1.0231478298481755,1.0278168637926413,-0.8321753455825928,0.6920451834263169,-0.7777602849683445,-0.5999014035401277,-0.6048967187883252,-0.7186677641440069,4,DoS
-1.6588706530764097,-0.8204465820618376,0.8314754426649719,-0.1571488594990571,-0.0565639995312736,-0.1984232498449636,-0.3350127988467127,-0.3141402436124051,1.937826378532076,-0.5766175772193014,-0.9773851729678829,-0.9729572625702528,-0.5947260833026949,1.8829011664328013,-0.6725696782761378,-0.5003619023185456,-0.4679733820351056,-0.4898253415343662,4,DoS
0.521821881691687,-0.8204465820618376,0.8314754426649719,-0.1571472405109347,-0.0565639995312736,-0.1984232498449636,-0.3350127988467127,-0.3141402436124051,1.937826378532076,-0.5766175772193014,-0.9773851729678829,-0.9729572625702528,-0.7530255914892935,1.8829011664328013,-0.6725696782761378,-0.5003619023185456,-0.4679733820351056,-0.64238695660746,4,DoS
0.521821881691687,-0.8204465820618376,0.8314754426649719,-0.1571483198363496,-0.0565639995312736,-0.1984232498449636,-0.3350127988467127,-0.3141402436124051,1.937826378532076,-0.5766175772193014,-0.9773851729678829,-0.9729572625702528,-0.5947260833026949,1.8829011664328013,-0.7777602849683445,-0.5999014035401277,-0.6048967187883252,-0.4898253415343662,4,DoS
-0.2050756298976785,1.3874662752480755,0.1165200498573975,0.0538484658688952,-0.0462100370384541,-0.1885449982454309,-0.2242115977022573,-0.2168197254430638,-0.2318168292695963,4.350495936831533,1.0231478298481755,1.0278168637926413,-0.8321753455825928,0.6920451834263169,-0.7777602849683445,-0.5999014035401277,-0.6048967187883252,-0.7186677641440069,4,DoS
-1.8665556563876569,-0.8204465820618376,0.8314754426649719,-0.157146970679581,-0.0565639995312736,-0.1984232498449636,-0.3350127988467127,-0.3141402436124051,1.937826378532076,-0.5766175772193014,-0.9773851729678829,-0.9729572625702528,-0.8321753455825928,1.8829011664328013,-0.7777602849683445,-0.5999014035401277,-0.6048967187883252,-0.7186677641440069,4,DoS
-11.731593313671905,-0.8204465820618376,0.8314754426649719,-0.1571472405109347,-0.0565639995312736,-0.1984232498449636,-0.3350127988467127,-0.3141402436124051,1.937826378532076,-0.5766175772193014,-0.9773851729678829,-0.9729572625702528,-0.5155763292093957,1.8829011664328013,-0.7777602849683445,-0.5999014035401277,-0.6048967187883252,-0.4135445339978194,4,DoS
0.521821881691687,-0.8204465820618376,0.8314754426649719,-0.1571488594990571,-0.0565639995312736,-0.1984232498449636,-0.3350127988467127,-0.3141402436124051,1.937826378532076,-0.5766175772193014,-0.9773851729678829,-0.9729572625702528,-0.8321753455825928,1.8829011664328013,-0.6725696782761378,-0.5999014035401277,-0.6048967187883252,-0.64238695660746,4,DoS
-0.2050756298976785,1.3874662752480755,0.1165200498573975,-0.0309773374798971,-0.0397626309462996,-0.1964446463855654,-0.2242115977022573,-0.2557479327108003,-0.2318168292695963,4.350495936831533,1.0231478298481755,1.0278168637926413,-0.8321753455825928,0.6920451834263169,-0.7777602849683445,-0.5999014035401277,-0.6048967187883252,-0.7186677641440069,4,DoS
0.521821881691687,-0.8204465820618376,0.8314754426649719,-0.1571472405109347,-0.0565639995312736,-0.1984232498449636,-0.3350127988467127,-0.3141402436124051,1.937826378532076,-0.5766175772193014,-0.9773851729678829,-0.9729572625702528,-0.5947260833026949,1.8829011664328013,-0.6725696782761378,-0.5003619023185456,-0.4679733820351056,-0.4135445339978194,4,DoS
0.521821881691687,-0.8204465820618376,0.8314754426649719,-0.1571404947270913,-0.0565639995312736,-0.1984232498449636,-0.3350127988467127,-0.3141402436124051,1.937826378532076,-0.5766175772193014,-0.9773851729678829,-0.9729572625702528,-0.2781270669294979,1.8829011664328013,-0.2518072515073108,-0.1022038974322172,0.0797199649777724,-0.1847021113881787,4,DoS
0.521821881691687,-0.8204465820618376,0.8314754426649719,-0.1571472405109347,-0.0565639995312736,-0.1984232498449636,-0.3350127988467127,-0.3141402436124051,1.937826378532076,-0.5766175772193014,-0.9773851729678829,-0.9729572625702528,-0.8321753455825928,1.8829011664328013,-0.7777602849683445,-0.5999014035401277,-0.6048967187883252,-0.7186677641440069,4,DoS
0.521821881691687,-0.8204465820618376,0.8314754426649719,-0.157140764558445,-0.0565639995312736,-0.1984232498449636,-0.3350127988467127,-0.3141402436124051,1.937826378532076,-0.5766175772193014,-0.9773851729678829,-0.9729572625702528,-0.6738758373959942,1.8829011664328013,-0.6725696782761378,-0.5003619023185456,-0.4679733820351056,-0.5661061490709132,4,DoS
-9.343215775592558,-0.8204465820618376,0.8314754426649719,-0.1571485896677034,-0.0568816057427098,-0.1984232498449636,-0.3350127988467127,-0.3141402436124051,1.937826378532076,-0.5766175772193014,-0.9773851729678829,-0.9729572625702528,-0.6738758373959942,1.8829011664328013,-0.6725696782761378,-0.5003619023185456,-0.4679733820351056,-0.5661061490709132,4,DoS
-6.227940725923849,-0.8204465820618376,0.8314754426649719,-0.1571472405109347,-0.0565639995312736,-0.1984232498449636,-0.3350127988467127,-0.3141402436124051,1.937826378532076,-0.5766175772193014,-0.9773851729678829,-0.9729572625702528,-0.4364265751160964,1.8829011664328013,-0.7777602849683445,-0.5999014035401277,-0.6048967187883252,-0.3372637264612724,4,DoS
0.521821881691687,-0.8204465820618376,0.8314754426649719,-0.1571472405109347,-0.0565639995312736,-0.1984232498449636,-0.3350127988467127,-0.3141402436124051,1.937826378532076,-0.5766175772193014,-0.9773851729678829,-0.9729572625702528,-0.4364265751160964,1.8829011664328013,-0.5673790715839311,-0.4008224010969635,-0.3310500452818861,-0.3372637264612724,3,Backdoor
-0.2050756298976785,1.3874662752480755,0.1165200498573975,2.390034295290877,-0.046718206976752,-0.1879396046496448,-0.2242115977022573,-0.2168197254430638,-0.2318168292695963,4.350495936831533,1.0231478298481755,1.0278168637926413,-0.7530255914892935,0.6920451834263169,-0.7777602849683445,-0.5999014035401277,-0.6048967187883252,-0.7186677641440069,4,DoS
-0.2050756298976785,-0.8204465820618376,0.1165200498573975,-0.0899684076965226,-0.049957790333401,-0.1964446463855654,-0.2242115977022573,-0.2557479327108003,1.937826378532076,4.350495936831533,1.0231478298481755,1.0278168637926413,-0.8321753455825928,0.6920451834263169,0.9052894221069632,-0.5999014035401277,-0.6048967187883252,-0.7186677641440069,4,DoS
0.521821881691687,-0.8204465820618376,0.8314754426649719,-0.1571483198363496,-0.0565639995312736,-0.1984232498449636,-0.3350127988467127,-0.3141402436124051,1.937826378532076,-0.5766175772193014,-0.9773851729678829,-0.9729572625702528,-0.6738758373959942,1.8829011664328013,-0.6725696782761378,-0.5003619023185456,-0.4679733820351056,-0.5661061490709132,4,DoS
-0.2050756298976785,-0.8204465820618376,0.1165200498573975,0.1546652847341859,0.021725931587745,-0.1729524217295765,0.0250911048727675,-0.0611068963721177,1.937826378532076,4.350495936831533,1.0231478298481755,1.0278168637926413,-0.7530255914892935,0.6920451834263169,-0.7777602849683445,-0.5999014035401277,-0.6048967187883252,-0.7186677641440069,5,Exploits
-0.2050756298976785,1.3874662752480755,0.1165200498573975,0.0944208478794534,-0.0465594038710339,-0.1579800045069663,-0.2242115977022573,-0.2168197254430638,-0.2318168292695963,4.350495936831533,1.0231478298481755,1.0278168637926413,-0.8321753455825928,0.6920451834263169,-0.7777602849683445,-0.5999014035401277,-0.6048967187883252,-0.7186677641440069,5,Exploits
0.521821881691687,-0.8204465820618376,0.8314754426649719,-0.1571472405109347,-0.0565639995312736,-0.1984232498449636,-0.3350127988467127,-0.3141402436124051,1.937826378532076,-0.5766175772193014,-0.9773851729678829,-0.9729572625702528,-0.7530255914892935,1.8829011664328013,-0.6725696782761378,-0.5003619023185456,-0.4679733820351056,-0.64238695660746,4,DoS
-0.2050756298976785,1.3874662752480755,0.1165200498573975,0.4464768307149272,-0.0138142034719636,0.1657209980203233,-0.058009795985574,0.1335341399665648,-0.2318168292695963,4.350495936831533,1.0231478298481755,1.0278168637926413,-0.8321753455825928,0.6920451834263169,-0.7777602849683445,-0.5999014035401277,-0.6048967187883252,-0.7186677641440069,5,Exploits
0.521821881691687,-0.8204465820618376,0.8314754426649719,-0.1571472405109347,-0.0565639995312736,-0.1984232498449636,-0.3350127988467127,-0.3141402436124051,1.937826378532076,-0.5766175772193014,-0.9773851729678829,-0.9729572625702528,-0.6738758373959942,1.8829011664328013,-0.5673790715839311,-0.4008224010969635,-0.3310500452818861,-0.5661061490709132,5,Exploits
-0.2050756298976785,1.3874662752480755,0.1165200498573975,0.018836768396143,-0.0465594038710339,-0.1908632127463675,-0.2242115977022573,-0.236283829076932,-0.2318168292695963,4.350495936831533,1.0231478298481755,1.0278168637926413,-0.8321753455825928,0.6920451834263169,-0.7777602849683445,-0.5999014035401277,-0.6048967187883252,-0.7186677641440069,5,Exploits
-0.2050756298976785,3.1537965610960064,0.1165200498573975,1.4230099914557426,0.0870575292801675,-0.1848978709732566,-0.0026091954133463,-0.1194992072737225,-0.2318168292695963,4.350495936831533,1.0231478298481755,1.0278168637926413,-0.8321753455825928,0.6920451834263169,-0.7777602849683445,-0.5999014035401277,-0.6048967187883252,-0.7186677641440069,5,Exploits
-0.2050756298976785,0.5043011323241103,0.1165200498573975,1.9306170039365824,-0.0394132641137198,-0.1865073319961999,-0.0303094956994602,-0.1000351036398542,-0.2318168292695963,4.350495936831533,1.0231478298481755,1.0278168637926413,-0.8321753455825928,0.6920451834263169,-0.6725696782761378,-0.5999014035401277,-0.6048967187883252,-0.64238695660746,5,Exploits
0.521821881691687,-0.8204465820618376,0.8314754426649719,-0.1571483198363496,-0.0565639995312736,-0.1984232498449636,-0.3350127988467127,-0.3141402436124051,1.937826378532076,-0.5766175772193014,-0.9773851729678829,-0.9729572625702528,-0.5947260833026949,1.8829011664328013,-0.6725696782761378,-0.5003619023185456,-0.4679733820351056,-0.4898253415343662,3,Backdoor
-0.2050756298976785,0.945883703786093,0.1165200498573975,0.4000739328128264,-0.0539596285974969,-0.1923102510972707,-0.2519118979883711,-0.236283829076932,-0.2318168292695963,4.350495936831533,1.0231478298481755,1.0278168637926413,-0.8321753455825928,0.6920451834263169,-0.6725696782761378,-0.5999014035401277,-0.6048967187883252,-0.5661061490709132,5,Exploits
-0.4127606332089257,-0.8204465820618376,0.8314754426649719,-0.1571369869194927,-0.0587872430113269,-0.1984232498449636,-0.3488629489897696,-0.3141402436124051,-0.9324307817888864,-0.5766175772193014,-0.9773851729678829,-0.9729572625702528,-0.5947260833026949,1.8829011664328013,-0.5673790715839311,-0.4008224010969635,-0.3310500452818861,-0.4898253415343662,5,Exploits
-0.2050756298976785,1.3874662752480755,0.1165200498573975,0.0465101323726718,-0.0464958826287466,-0.1427861018224832,-0.2242115977022573,-0.1973556218091955,-0.2318168292695963,4.350495936831533,1.0231478298481755,1.0278168637926413,-0.8321753455825928,0.6920451834263169,-0.7777602849683445,-0.5999014035401277,-0.6048967187883252,-0.7186677641440069,5,Exploits
-0.2050756298976785,3.1537965610960064,0.1165200498573975,1.7842529223918902,2.712485754875074,-0.1771901769000786,1.714809422325713,0.1140700363326965,-0.2318168292695963,4.350495936831533,1.0231478298481755,1.0278168637926413,-0.8321753455825928,0.6920451834263169,-0.7777602849683445,-0.5999014035401277,-0.6048967187883252,-0.7186677641440069,5,Exploits
-0.2050756298976785,3.1537965610960064,0.1165200498573975,1.3171262794299845,14.582747942022634,-0.1526200563296413,9.249291100148683,0.8731700780535586,-0.2318168292695963,4.350495936831533,1.0231478298481755,1.0278168637926413,-0.8321753455825928,0.6920451834263169,-0.7777602849683445,-0.5999014035401277,-0.6048967187883252,-0.7186677641440069,5,Exploits
0.521821881691687,-0.8204465820618376,0.8314754426649719,-0.1571472405109347,-0.0565639995312736,-0.1984232498449636,-0.3350127988467127,-0.3141402436124051,1.937826378532076,-0.5766175772193014,-0.9773851729678829,-0.9729572625702528,-0.5155763292093957,1.8829011664328013,-0.3569978581995175,-0.2017433986537993,-0.057203371775447,-0.4135445339978194,5,Exploits
-0.2050756298976785,-0.8204465820618376,0.1165200498573975,1.5778581104246243,-0.0098441258290113,3.0104138246776957,0.5790971105950449,2.936365063243594,-0.2318168292695963,4.350495936831533,1.0231478298481755,1.0278168637926413,-0.8321753455825928,0.6920451834263169,-0.7777602849683445,-0.5999014035401277,-0.6048967187883252,-0.7186677641440069,5,Exploits
-0.2050756298976785,-0.8204465820618376,0.1165200498573975,-0.0365601481887095,-0.0445584847389859,-0.1938311179354648,-0.1688109971300295,-0.1973556218091955,1.937826378532076,4.350495936831533,1.0231478298481755,1.0278168637926413,-0.8321753455825928,0.6920451834263169,-0.7777602849683445,-0.5999014035401277,-0.6048967187883252,-0.7186677641440069,5,Exploits
-3.216508177910764,-0.8204465820618376,0.8314754426649719,-0.1571488594990571,-0.0565639995312736,-0.1984232498449636,-0.3350127988467127,-0.3141402436124051,1.937826378532076,-0.5766175772193014,-0.9773851729678829,-0.9729572625702528,-0.4364265751160964,1.8829011664328013,-0.6725696782761378,-0.5003619023185456,-0.4679733820351056,-0.3372637264612724,5,Exploits
-6.53946823089072,-0.8204465820618376,0.8314754426649719,-0.1571483198363496,-0.0565639995312736,-0.1984232498449636,-0.3350127988467127,-0.3141402436124051,1.937826378532076,-0.5766175772193014,-0.9773851729678829,-0.9729572625702528,-0.3572768210227971,1.8829011664328013,-0.6725696782761378,-0.5003619023185456,-0.4679733820351056,-0.2609829189247256,5,Exploits
-2.5934531679770223,-0.8204465820618376,0.8314754426649719,-0.157146970679581,-0.0565639995312736,-0.1984232498449636,-0.3350127988467127,-0.3141402436124051,1.937826378532076,-0.5766175772193014,-0.9773851729678829,-0.9729572625702528,-0.4364265751160964,1.8829011664328013,-0.6725696782761378,-0.5003619023185456,-0.4679733820351056,-0.3372637264612724,5,Exploits
-0.2050756298976785,1.3874662752480755,0.1165200498573975,-0.0811929524102976,-0.0461782764173105,-0.1893423459081734,-0.2242115977022573,-0.236283829076932,-0.2318168292695963,4.350495936831533,1.0231478298481755,1.0278168637926413,-0.7530255914892935,0.6920451834263169,-0.7777602849683445,-0.5999014035401277,-0.6048967187883252,-0.7186677641440069,5,Exploits
-2.5934531679770223,-0.8204465820618376,0.8314754426649719,-0.1571477801736422,-0.0565639995312736,-0.1984232498449636,-0.3350127988467127,-0.3141402436124051,1.937826378532076,-0.5766175772193014,-0.9773851729678829,-0.9729572625702528,-0.5947260833026949,1.8829011664328013,-0.6725696782761378,-0.5003619023185456,-0.4679733820351056,-0.4898253415343662,5,Exploits
-0.2050756298976785,1.3874662752480755,0.1165200498573975,1.323405524862791,15.061189938930095,-0.1634285468690404,9.553994403295938,0.7563854562503491,1.937826378532076,4.350495936831533,1.0231478298481755,1.0278168637926413,-0.8321753455825928,0.6920451834263169,-0.7777602849683445,-0.5999014035401277,-0.6048967187883252,-0.7186677641440069,5,Exploits
0.521821881691687,-0.8204465820618376,0.8314754426649719,-0.1571477801736422,-0.0565639995312736,-0.1984232498449636,-0.3350127988467127,-0.3141402436124051,1.937826378532076,-0.5766175772193014,-0.9773851729678829,-0.9729572625702528,-0.8321753455825928,1.8829011664328013,-0.7777602849683445,-0.5999014035401277,-0.6048967187883252,-0.7186677641440069,3,Backdoor
-0.2050756298976785,0.945883703786093,0.1165200498573975,0.0451339924686146,-0.0539596285974969,-0.1806748815002127,-0.2519118979883711,-0.236283829076932,-0.2318168292695963,4.350495936831533,1.0231478298481755,1.0278168637926413,-0.8321753455825928,0.6920451834263169,-0.7777602849683445,-0.5999014035401277,-0.6048967187883252,-0.7186677641440069,5,Exploits
0.8333493866585578,-0.8204465820618376,0.8314754426649719,-0.1571485896677034,-0.0565639995312736,-0.1984232498449636,-0.3350127988467127,-0.3141402436124051,1.937826378532076,-0.5766175772193014,-0.9773851729678829,-0.9729572625702528,-0.5947260833026949,1.8829011664328013,-0.5673790715839311,-0.4008224010969635,-0.3310500452818861,-0.4898253415343662,5,Exploits
-0.1012331282420548,-0.8204465820618376,0.8314754426649719,-0.1571488594990571,-0.0565639995312736,-0.1984232498449636,-0.3350127988467127,-0.3141402436124051,1.937826378532076,-0.5766175772193014,-0.9773851729678829,-0.9729572625702528,-0.4364265751160964,1.8829011664328013,-0.5673790715839311,-0.4008224010969635,-0.3310500452818861,-0.3372637264612724,5,Exploits
-0.2050756298976785,-0.8204465820618376,0.1165200498573975,0.1648541166512838,1.1501013992676383,-0.1939049464227558,0.5236965100228171,-0.1778915181753273,1.937826378532076,4.350495936831533,1.0231478298481755,1.0278168637926413,-0.8321753455825928,0.6920451834263169,-0.7777602849683445,-0.5999014035401277,-0.6048967187883252,-0.7186677641440069,5,Exploits
0.521821881691687,-0.8204465820618376,0.8314754426649719,-0.1571475103422884,-0.0565639995312736,-0.1984232498449636,-0.3350127988467127,-0.3141402436124051,1.937826378532076,-0.5766175772193014,-0.9773851729678829,-0.9729572625702528,-0.6738758373959942,1.8829011664328013,-0.7777602849683445,-0.5999014035401277,-0.6048967187883252,-0.5661061490709132,2,Analysis
-0.2050756298976785,1.3874662752480755,0.1165200498573975,-0.0228845555186259,-0.0472263769150499,-0.1894161743954644,-0.2242115977022573,-0.236283829076932,-0.2318168292695963,4.350495936831533,1.0231478298481755,1.0278168637926413,-0.7530255914892935,0.6920451834263169,-0.7777602849683445,-0.5999014035401277,-0.6048967187883252,-0.7186677641440069,5,Exploits
-0.2050756298976785,1.3874662752480755,0.1165200498573975,-0.0083722158206048,-0.0442091179064061,0.1110067060889801,-0.1688109971300295,0.0362136217972235,-0.2318168292695963,4.350495936831533,1.0231478298481755,1.0278168637926413,-0.8321753455825928,0.6920451834263169,-0.7777602849683445,-0.5999014035401277,-0.6048967187883252,-0.7186677641440069,5,Exploits
0.521821881691687,-0.8204465820618376,0.8314754426649719,-0.1571472405109347,-0.0565639995312736,-0.1984232498449636,-0.3350127988467127,-0.3141402436124051,1.937826378532076,-0.5766175772193014,-0.9773851729678829,-0.9729572625702528,-0.5947260833026949,1.8829011664328013,-0.6725696782761378,-0.5003619023185456,-0.4679733820351056,-0.4898253415343662,5,Exploits
0.521821881691687,-0.8204465820618376,0.8314754426649719,-0.1571472405109347,-0.0565639995312736,-0.1984232498449636,-0.3350127988467127,-0.3141402436124051,1.937826378532076,-0.5766175772193014,-0.9773851729678829,-0.9729572625702528,-0.4364265751160964,1.8829011664328013,-0.5673790715839311,-0.4008224010969635,-0.3310500452818861,-0.3372637264612724,3,Backdoor
-0.2050756298976785,-0.8204465820618376,0.1165200498573975,0.5108842256951096,-0.0352843833650494,0.7381797056258316,0.0527914051588813,0.7758495598842173,-0.2318168292695963,4.350495936831533,1.0231478298481755,1.0278168637926413,-0.8321753455825928,0.6920451834263169,-0.7777602849683445,-0.5999014035401277,-0.6048967187883252,-0.7186677641440069,5,Exploits
0.4179793800360633,0.0627185608621277,0.8314754426649719,-0.1571477801736422,-0.0579297062404492,-0.1984232498449636,-0.3350127988467127,-0.3141402436124051,1.937826378532076,-0.5766175772193014,-0.9773851729678829,-0.9729572625702528,1.6214670313096844,1.8829011664328013,-0.0414260381228973,0.0968751050109469,0.3535666384842115,1.6460372694889465,6,Generic
0.4179793800360633,0.0627185608621277,0.8314754426649719,-0.1571475103422884,-0.0579297062404492,-0.1984232498449636,-0.3350127988467127,-0.3141402436124051,1.937826378532076,-0.5766175772193014,-0.9773851729678829,-0.9729572625702528,0.909119244469991,1.8829011664328013,-0.3569978581995175,-0.2017433986537993,-0.057203371775447,0.9595100016600244,6,Generic
0.4179793800360633,0.0627185608621277,0.8314754426649719,-0.1571485896677034,-0.0579297062404492,-0.1984232498449636,-0.3350127988467127,-0.3141402436124051,1.937826378532076,-0.5766175772193014,-0.9773851729678829,-0.9729572625702528,0.9882689985632904,1.8829011664328013,-0.0414260381228973,0.0968751050109469,0.3535666384842115,1.0357908091965715,6,Generic
0.4179793800360633,0.0627185608621277,0.8314754426649719,-0.1571475103422884,-0.0579297062404492,-0.1984232498449636,-0.3350127988467127,-0.3141402436124051,1.937826378532076,-0.5766175772193014,-0.9773851729678829,-0.9729572625702528,1.7006167854029837,1.8829011664328013,2.5883391291822706,2.585362635550499,1.5858766692631872,1.722318077025493,6,Generic
0.4179793800360633,0.0627185608621277,0.8314754426649719,-0.1571475103422884,-0.0579297062404492,-0.1984232498449636,-0.3350127988467127,-0.3141402436124051,1.937826378532076,-0.5766175772193014,-0.9773851729678829,-0.9729572625702528,0.4342207199101954,1.8829011664328013,-0.4621884648917243,-0.3012828998753813,-0.1941267085286666,0.5018251564407432,6,Generic
0.4179793800360633,0.0627185608621277,0.8314754426649719,-0.1571472405109347,-0.0579297062404492,-0.1984232498449636,-0.3350127988467127,-0.3141402436124051,1.937826378532076,-0.5766175772193014,-0.9773851729678829,-0.9729572625702528,0.1967714576302976,1.8829011664328013,0.589717602030343,0.6941121123404393,1.1751066590035286,0.2729827338311026,6,Generic
0.4179793800360633,0.0627185608621277,0.8314754426649719,-0.1571488594990571,-0.0579297062404492,-0.1984232498449636,-0.3350127988467127,-0.3141402436124051,1.937826378532076,-0.5766175772193014,-0.9773851729678829,-0.9729572625702528,0.5133704740034948,1.8829011664328013,1.01048002879917,1.0922701172267677,0.9012599854970896,0.5781059639772901,6,Generic
0.4179793800360633,0.0627185608621277,0.8314754426649719,-0.1571475103422884,-0.0579297062404492,-0.1984232498449636,-0.3350127988467127,-0.3141402436124051,1.937826378532076,-0.5766175772193014,-0.9773851729678829,-0.9729572625702528,1.0674187526565897,1.8829011664328013,0.8000988154147565,0.7936516135620214,1.3120299957567485,1.1120716167331184,6,Generic
0.4179793800360633,0.0627185608621277,0.8314754426649719,-0.1571488594990571,-0.0579297062404492,-0.1984232498449636,-0.3350127988467127,-0.3141402436124051,1.937826378532076,-0.5766175772193014,-0.9773851729678829,-0.9729572625702528,1.6214670313096844,1.8829011664328013,0.8000988154147565,0.8931911147836035,1.4489533325099675,1.6460372694889465,6,Generic
0.4179793800360633,0.0627185608621277,0.8314754426649719,-0.1571477801736422,-0.0579297062404492,-0.1984232498449636,-0.3350127988467127,-0.3141402436124051,1.937826378532076,-0.5766175772193014,-0.9773851729678829,-0.9729572625702528,0.5133704740034948,1.8829011664328013,1.01048002879917,1.0922701172267677,1.7228000060164068,0.5781059639772901,6,Generic
0.4179793800360633,0.0627185608621277,0.8314754426649719,-0.1571483198363496,-0.0579297062404492,-0.1984232498449636,-0.3350127988467127,-0.3141402436124051,1.937826378532076,-0.5766175772193014,-0.9773851729678829,-0.9729572625702528,1.3840177690297866,1.8829011664328013,-0.0414260381228973,0.0968751050109469,0.3535666384842115,1.4171948468793056,6,Generic
0.4179793800360633,0.0627185608621277,0.8314754426649719,-0.1571488594990571,-0.0579297062404492,-0.1984232498449636,-0.3350127988467127,-0.3141402436124051,1.937826378532076,-0.5766175772193014,-0.9773851729678829,-0.9729572625702528,0.8299694903766918,1.8829011664328013,0.9052894221069632,0.8931911147836035,1.4489533325099675,0.8832291941234777,6,Generic
0.4179793800360633,0.0627185608621277,0.8314754426649719,-0.1571480500049959,-0.0579297062404492,-0.1984232498449636,-0.3350127988467127,-0.3141402436124051,1.937826378532076,-0.5766175772193014,-0.9773851729678829,-0.9729572625702528,2.571264080429276,1.8829011664328013,2.2727673091056504,2.2867441318857527,1.1751066590035286,2.561406959927509,6,Generic
0.4179793800360633,0.0627185608621277,0.8314754426649719,-0.1571488594990571,-0.0579297062404492,-0.1984232498449636,-0.3350127988467127,-0.3141402436124051,1.937826378532076,-0.5766175772193014,-0.9773851729678829,-0.9729572625702528,0.909119244469991,1.8829011664328013,1.01048002879917,1.0922701172267677,1.7228000060164068,0.9595100016600244,6,Generic
0.4179793800360633,0.0627185608621277,0.8314754426649719,-0.157146970679581,-0.0579297062404492,-0.1984232498449636,-0.3350127988467127,-0.3141402436124051,1.937826378532076,-0.5766175772193014,-0.9773851729678829,-0.9729572625702528,1.6214670313096844,1.8829011664328013,0.4845269953381362,0.5945726111188573,0.2166433017309919,1.6460372694889465,6,Generic
0.4179793800360633,0.0627185608621277,0.8314754426649719,-0.157146970679581,-0.0579297062404492,-0.1984232498449636,-0.3350127988467127,-0.3141402436124051,1.937826378532076,-0.5766175772193014,-0.9773851729678829,-0.9729572625702528,0.5133704740034948,1.8829011664328013,1.01048002879917,1.0922701172267677,1.7228000060164068,0.5781059639772901,6,Generic
0.4179793800360633,0.0627185608621277,0.8314754426649719,-0.1571488594990571,-0.0579297062404492,-0.1984232498449636,-0.3350127988467127,-0.3141402436124051,1.937826378532076,-0.5766175772193014,-0.9773851729678829,-0.9729572625702528,1.1465685067498887,1.8829011664328013,1.01048002879917,1.0922701172267677,1.7228000060164068,1.1883524242696653,6,Generic
0.4179793800360633,0.0627185608621277,0.8314754426649719,-0.1571475103422884,-0.0579297062404492,-0.1984232498449636,-0.3350127988467127,-0.3141402436124051,1.937826378532076,-0.5766175772193014,-0.9773851729678829,-0.9729572625702528,0.8299694903766918,1.8829011664328013,-0.4621884648917243,-0.3012828998753813,-0.1941267085286666,0.8832291941234777,6,Generic
0.4179793800360633,0.0627185608621277,0.8314754426649719,-0.1571472405109347,-0.0579297062404492,-0.1984232498449636,-0.3350127988467127,-0.3141402436124051,1.937826378532076,-0.5766175772193014,-0.9773851729678829,-0.9729572625702528,1.7006167854029837,1.8829011664328013,2.5883391291822706,2.585362635550499,1.5858766692631872,1.722318077025493,6,Generic
0.4179793800360633,0.0627185608621277,0.8314754426649719,-0.1571483198363496,-0.0579297062404492,-0.1984232498449636,-0.3350127988467127,-0.3141402436124051,1.937826378532076,-0.5766175772193014,-0.9773851729678829,-0.9729572625702528,1.7006167854029837,1.8829011664328013,2.5883391291822706,2.585362635550499,1.5858766692631872,1.722318077025493,6,Generic
0.4179793800360633,0.0627185608621277,0.8314754426649719,-0.1571485896677034,-0.0579297062404492,-0.1984232498449636,-0.3350127988467127,-0.3141402436124051,1.937826378532076,-0.5766175772193014,-0.9773851729678829,-0.9729572625702528,0.909119244469991,1.8829011664328013,1.01048002879917,0.9927306160051856,1.5858766692631872,1.0357908091965715,6,Generic
0.4179793800360633,0.0627185608621277,0.8314754426649719,-0.1571491293304109,-0.0579297062404492,-0.1984232498449636,-0.3350127988467127,-0.3141402436124051,1.937826378532076,-0.5766175772193014,-0.9773851729678829,-0.9729572625702528,0.3550709658168962,1.8829011664328013,0.8000988154147565,0.8931911147836035,1.4489533325099675,0.4255443489041963,6,Generic
0.4179793800360633,0.0627185608621277,0.8314754426649719,-0.1571493991617646,-0.0579297062404492,-0.1984232498449636,-0.3350127988467127,-0.3141402436124051,1.937826378532076,-0.5766175772193014,-0.9773851729678829,-0.9729572625702528,1.8589162935895824,1.8829011664328013,2.5883391291822706,2.585362635550499,1.5858766692631872,1.874879692098587,6,Generic
0.4179793800360633,0.0627185608621277,0.8314754426649719,-0.1571472405109347,-0.0579297062404492,-0.1984232498449636,-0.3350127988467127,-0.3141402436124051,1.937826378532076,-0.5766175772193014,-0.9773851729678829,-0.9729572625702528,1.7006167854029837,1.8829011664328013,0.9052894221069632,0.9927306160051856,1.5858766692631872,1.722318077025493,6,Generic
-2.385768164665775,-0.8204465820618376,0.8314754426649719,2.5516093099084145,-0.0533879374169118,-0.1984232498449636,-0.3073124985605989,-0.3141402436124051,1.937826378532076,-0.5766175772193014,-0.9773851729678829,-0.9729572625702528,-0.5155763292093957,1.8829011664328013,-0.6725696782761378,-0.5003619023185456,-0.4679733820351056,-0.4135445339978194,6,Generic
0.4179793800360633,0.0627185608621277,0.8314754426649719,-0.1571480500049959,-0.0579297062404492,-0.1984232498449636,-0.3350127988467127,-0.3141402436124051,1.937826378532076,-0.5766175772193014,-0.9773851729678829,-0.9729572625702528,1.5423172772163851,1.8829011664328013,2.2727673091056504,2.2867441318857527,1.3120299957567485,1.5697564619523996,6,Generic
0.4179793800360633,0.0627185608621277,0.8314754426649719,-0.1571475103422884,-0.0579297062404492,-0.1984232498449636,-0.3350127988467127,-0.3141402436124051,1.937826378532076,-0.5766175772193014,-0.9773851729678829,-0.9729572625702528,0.9882689985632904,1.8829011664328013,1.1156706354913766,0.8931911147836035,1.4489533325099675,1.0357908091965715,6,Generic
0.4179793800360633,0.0627185608621277,0.8314754426649719,-0.1571485896677034,-0.0579297062404492,-0.1984232498449636,-0.3350127988467127,-0.3141402436124051,1.937826378532076,-0.5766175772193014,-0.9773851729678829,-0.9729572625702528,1.3048680149364873,1.8829011664328013,0.9052894221069632,0.9927306160051856,1.5858766692631872,1.3409140393427588,6,Generic
0.4179793800360633,0.0627185608621277,0.8314754426649719,-0.1571488594990571,-0.0579297062404492,-0.1984232498449636,-0.3350127988467127,-0.3141402436124051,1.937826378532076,-0.5766175772193014,-0.9773851729678829,-0.9729572625702528,1.779766539496283,1.8829011664328013,1.1156706354913766,1.0922701172267677,1.7228000060164068,1.874879692098587,6,Generic
0.4179793800360633,0.0627185608621277,0.8314754426649719,-0.1571488594990571,-0.0579297062404492,-0.1984232498449636,-0.3350127988467127,-0.3141402436124051,1.937826378532076,-0.5766175772193014,-0.9773851729678829,-0.9729572625702528,1.7006167854029837,1.8829011664328013,1.01048002879917,1.0922701172267677,1.7228000060164068,1.722318077025493,6,Generic
0.4179793800360633,-0.378864010599855,0.8314754426649719,-0.1571472405109347,-0.0574532969232949,-0.1984232498449636,-0.3350127988467127,-0.3141402436124051,1.937826378532076,-0.5766175772193014,-0.9773851729678829,-0.9729572625702528,-0.8321753455825928,1.8829011664328013,-0.6725696782761378,-0.5003619023185456,-0.4679733820351056,-0.64238695660746,6,Generic
0.4179793800360633,0.0627185608621277,0.8314754426649719,-0.1571472405109347,-0.0579297062404492,-0.1984232498449636,-0.3350127988467127,-0.3141402436124051,1.937826378532076,-0.5766175772193014,-0.9773851729678829,-0.9729572625702528,0.909119244469991,1.8829011664328013,1.01048002879917,1.0922701172267677,1.7228000060164068,0.9595100016600244,6,Generic
0.4179793800360633,0.0627185608621277,0.8314754426649719,-0.1571472405109347,-0.0579297062404492,-0.1984232498449636,-0.3350127988467127,-0.3141402436124051,1.937826378532076,-0.5766175772193014,-0.9773851729678829,-0.9729572625702528,1.3048680149364873,1.8829011664328013,0.8000988154147565,0.8931911147836035,1.4489533325099675,1.3409140393427588,6,Generic
0.4179793800360633,0.0627185608621277,0.8314754426649719,-0.1571493991617646,-0.0579297062404492,-0.1984232498449636,-0.3350127988467127,-0.3141402436124051,1.937826378532076,-0.5766175772193014,-0.9773851729678829,-0.9729572625702528,0.4342207199101954,1.8829011664328013,1.01048002879917,0.9927306160051856,1.5858766692631872,0.5018251564407432,6,Generic
0.4179793800360633,-0.8204465820618376,0.8314754426649719,-0.1571472405109347,-0.0570721694695715,-0.1984232498449636,-0.3350127988467127,-0.3141402436124051,1.937826378532076,-0.5766175772193014,-0.9773851729678829,-0.9729572625702528,-0.8321753455825928,1.8829011664328013,-0.7777602849683445,-0.5999014035401277,-0.6048967187883252,-0.7186677641440069,7,Reconnaissance
0.4179793800360633,-0.8204465820618376,0.8314754426649719,-0.1571472405109347,-0.0570721694695715,-0.1984232498449636,-0.3350127988467127,-0.3141402436124051,1.937826378532076,-0.5766175772193014,-0.9773851729678829,-0.9729572625702528,-0.6738758373959942,1.8829011664328013,-0.7777602849683445,-0.5999014035401277,-0.6048967187883252,-0.7186677641440069,7,Reconnaissance
-0.2050756298976785,1.3874662752480755,0.1165200498573975,-0.0040276611940902,-0.0462735582807413,-0.1964446463855654,-0.2242115977022573,-0.2557479327108003,1.937826378532076,4.350495936831533,1.0231478298481755,1.0278168637926413,-0.8321753455825928,0.6920451834263169,-0.7777602849683445,-0.5999014035401277,-0.6048967187883252,-0.7186677641440069,7,Reconnaissance
-0.2050756298976785,1.3874662752480755,0.1165200498573975,0.1989292294952158,-0.0451936971618583,-0.195809721394863,-0.2242115977022573,-0.236283829076932,1.937826378532076,4.350495936831533,1.0231478298481755,1.0278168637926413,-0.7530255914892935,0.6920451834263169,-0.7777602849683445,-0.5003619023185456,-0.6048967187883252,-0.7186677641440069,7,Reconnaissance
-0.2050756298976785,1.3874662752480755,0.1165200498573975,-0.0841503040472518,-0.0453207396464328,-0.1964446463855654,-0.2242115977022573,-0.2557479327108003,1.937826378532076,4.350495936831533,1.0231478298481755,1.0278168637926413,-0.8321753455825928,0.6920451834263169,-0.7777602849683445,-0.5999014035401277,-0.6048967187883252,-0.7186677641440069,7,Reconnaissance
0.4179793800360633,-0.8204465820618376,0.8314754426649719,-0.1571483198363496,-0.0570721694695715,-0.1984232498449636,-0.3350127988467127,-0.3141402436124051,1.937826378532076,-0.5766175772193014,-0.9773851729678829,-0.9729572625702528,-0.8321753455825928,1.8829011664328013,-0.7777602849683445,-0.5999014035401277,-0.6048967187883252,-0.7186677641440069,7,Reconnaissance
-0.2050756298976785,-0.8204465820618376,0.1165200498573975,0.2327528595174654,-0.0507835664831351,-0.195809721394863,-0.2242115977022573,-0.236283829076932,1.937826378532076,4.350495936831533,1.0231478298481755,1.0278168637926413,-0.8321753455825928,0.6920451834263169,-0.7777602849683445,-0.5999014035401277,-0.6048967187883252,-0.7186677641440069,7,Reconnaissance
0.4179793800360633,-0.8204465820618376,0.8314754426649719,-0.1571472405109347,-0.0570721694695715,-0.1984232498449636,-0.3350127988467127,-0.3141402436124051,1.937826378532076,-0.5766175772193014,-0.9773851729678829,-0.9729572625702528,-0.8321753455825928,1.8829011664328013,-0.7777602849683445,-0.5999014035401277,-0.6048967187883252,-0.7186677641440069,7,Reconnaissance
-0.2050756298976785,1.3874662752480755,0.1165200498573975,-0.0397298571010546,-0.0466864463556083,-0.1964446463855654,-0.2242115977022573,-0.2557479327108003,1.937826378532076,4.350495936831533,1.0231478298481755,1.0278168637926413,-0.8321753455825928,0.6920451834263169,-0.7777602849683445,-0.5999014035401277,-0.6048967187883252,-0.7186677641440069,7,Reconnaissance
0.4179793800360633,-0.8204465820618376,0.8314754426649719,-0.1571475103422884,-0.0570721694695715,-0.1984232498449636,-0.3350127988467127,-0.3141402436124051,1.937826378532076,-0.5766175772193014,-0.9773851729678829,-0.9729572625702528,-0.7530255914892935,1.8829011664328013,-0.7777602849683445,-0.5999014035401277,-0.6048967187883252,-0.7186677641440069,7,Reconnaissance
0.4179793800360633,-0.8204465820618376,0.8314754426649719,-0.1571488594990571,-0.0570721694695715,-0.1984232498449636,-0.3350127988467127,-0.3141402436124051,1.937826378532076,-0.5766175772193014,-0.9773851729678829,-0.9729572625702528,-0.7530255914892935,1.8829011664328013,-0.7777602849683445,-0.5999014035401277,-0.6048967187883252,-0.7186677641440069,7,Reconnaissance
0.4179793800360633,-0.8204465820618376,0.8314754426649719,-0.1571472405109347,-0.0570721694695715,-0.1984232498449636,-0.3350127988467127,-0.3141402436124051,1.937826378532076,-0.5766175772193014,-0.9773851729678829,-0.9729572625702528,-0.7530255914892935,1.8829011664328013,-0.6725696782761378,-0.5999014035401277,-0.6048967187883252,-0.7186677641440069,7,Reconnaissance
-0.2050756298976785,-0.8204465820618376,0.1165200498573975,0.2037349259052666,-0.0507835664831351,-0.195809721394863,-0.2242115977022573,-0.236283829076932,1.937826378532076,4.350495936831533,1.0231478298481755,1.0278168637926413,-0.7530255914892935,0.6920451834263169,-0.5673790715839311,-0.5999014035401277,-0.6048967187883252,-0.7186677641440069,7,Reconnaissance
0.4179793800360633,-0.8204465820618376,0.8314754426649719,-0.1571472405109347,-0.0570721694695715,-0.1984232498449636,-0.3350127988467127,-0.3141402436124051,1.937826378532076,-0.5766175772193014,-0.9773851729678829,-0.9729572625702528,-0.7530255914892935,1.8829011664328013,-0.7777602849683445,-0.5999014035401277,-0.6048967187883252,-0.7186677641440069,7,Reconnaissance
-0.2050756298976785,-0.8204465820618376,0.1165200498573975,0.4342057102410432,-0.0507835664831351,-0.195809721394863,-0.2242115977022573,-0.236283829076932,1.937826378532076,4.350495936831533,1.0231478298481755,1.0278168637926413,-0.8321753455825928,0.6920451834263169,-0.7777602849683445,-0.5999014035401277,-0.6048967187883252,-0.7186677641440069,7,Reconnaissance
-6.435625729235097,-0.8204465820618376,0.8314754426649719,-0.1571480500049959,-0.0565639995312736,-0.1984232498449636,-0.3350127988467127,-0.3141402436124051,1.937826378532076,-0.5766175772193014,-0.9773851729678829,-0.9729572625702528,-0.4364265751160964,1.8829011664328013,-0.7777602849683445,-0.5999014035401277,-0.6048967187883252,-0.3372637264612724,7,Reconnaissance
-10.58932579546004,-0.8204465820618376,0.8314754426649719,-0.1571475103422884,-0.0565639995312736,-0.1984232498449636,-0.3350127988467127,-0.3141402436124051,1.937826378532076,-0.5766175772193014,-0.9773851729678829,-0.9729572625702528,-0.6738758373959942,1.8829011664328013,-0.7777602849683445,-0.5999014035401277,-0.6048967187883252,-0.5661061490709132,7,Reconnaissance
-0.2050756298976785,-0.8204465820618376,0.1165200498573975,0.216078361181952,-0.0507835664831351,-0.195809721394863,-0.2242115977022573,-0.236283829076932,1.937826378532076,4.350495936831533,1.0231478298481755,1.0278168637926413,-0.5155763292093957,0.6920451834263169,-0.6725696782761378,-0.5999014035401277,-0.6048967187883252,-0.7186677641440069,7,Reconnaissance
-0.2050756298976785,1.3874662752480755,0.1165200498573975,-0.094553112227863,-0.0457653883424434,-0.1964446463855654,-0.2242115977022573,-0.2557479327108003,1.937826378532076,4.350495936831533,1.0231478298481755,1.0278168637926413,-0.8321753455825928,0.6920451834263169,-0.7777602849683445,-0.5999014035401277,-0.6048967187883252,-0.7186677641440069,7,Reconnaissance
-0.2050756298976785,1.3874662752480755,0.1165200498573975,-0.0623773422828835,-0.0442726391486934,-0.1964446463855654,-0.2242115977022573,-0.2557479327108003,1.937826378532076,4.350495936831533,1.0231478298481755,1.0278168637926413,-0.8321753455825928,0.6920451834263169,-0.7777602849683445,-0.5999014035401277,-0.6048967187883252,-0.7186677641440069,7,Reconnaissance
-0.2050756298976785,-0.8204465820618376,0.1165200498573975,0.0687663620915826,-0.0507835664831351,-0.195809721394863,-0.2242115977022573,-0.236283829076932,1.937826378532076,4.350495936831533,1.0231478298481755,1.0278168637926413,-0.5155763292093957,0.6920451834263169,-0.7777602849683445,-0.5999014035401277,-0.6048967187883252,-0.7186677641440069,7,Reconnaissance
-0.2050756298976785,-0.8204465820618376,0.1165200498573975,0.1865598904085717,-0.0507835664831351,-0.195809721394863,-0.2242115977022573,-0.236283829076932,1.937826378532076,4.350495936831533,1.0231478298481755,1.0278168637926413,-0.5155763292093957,0.6920451834263169,-0.7777602849683445,-0.5999014035401277,-0.6048967187883252,-0.4135445339978194,7,Reconnaissance
0.4179793800360633,-0.8204465820618376,0.8314754426649719,-0.1571475103422884,-0.0570721694695715,-0.1984232498449636,-0.3350127988467127,-0.3141402436124051,1.937826378532076,-0.5766175772193014,-0.9773851729678829,-0.9729572625702528,-0.8321753455825928,1.8829011664328013,-0.5673790715839311,-0.5999014035401277,-0.6048967187883252,-0.7186677641440069,7,Reconnaissance
0.4179793800360633,-0.8204465820618376,0.8314754426649719,-0.1571472405109347,-0.0570721694695715,-0.1984232498449636,-0.3350127988467127,-0.3141402436124051,1.937826378532076,-0.5766175772193014,-0.9773851729678829,-0.9729572625702528,-0.8321753455825928,1.8829011664328013,-0.7777602849683445,-0.5999014035401277,-0.6048967187883252,-0.7186677641440069,7,Reconnaissance
-0.2050756298976785,-0.8204465820618376,0.1165200498573975,0.0596549667699553,-0.0507835664831351,-0.195809721394863,-0.2242115977022573,-0.236283829076932,1.937826378532076,4.350495936831533,1.0231478298481755,1.0278168637926413,-0.8321753455825928,0.6920451834263169,-0.6725696782761378,-0.5999014035401277,-0.6048967187883252,-0.7186677641440069,7,Reconnaissance
-0.2050756298976785,-0.8204465820618376,0.1165200498573975,0.4855511090495391,-0.0507835664831351,-0.195809721394863,-0.2242115977022573,-0.236283829076932,1.937826378532076,4.350495936831533,1.0231478298481755,1.0278168637926413,-0.7530255914892935,0.6920451834263169,-0.6725696782761378,-0.5999014035401277,-0.6048967187883252,-0.5661061490709132,7,Reconnaissance
-0.2050756298976785,1.3874662752480755,0.1165200498573975,0.0240677190196828,-0.0451301759195711,-0.1964446463855654,-0.2242115977022573,-0.2557479327108003,1.937826378532076,4.350495936831533,1.0231478298481755,1.0278168637926413,-0.8321753455825928,0.6920451834263169,-0.7777602849683445,-0.5999014035401277,-0.6048967187883252,-0.7186677641440069,7,Reconnaissance
-0.2050756298976785,1.3874662752480755,0.1165200498573975,0.5260463192929287,-0.0458289095847307,-0.195809721394863,-0.2242115977022573,-0.236283829076932,1.937826378532076,4.350495936831533,1.0231478298481755,1.0278168637926413,-0.8321753455825928,0.6920451834263169,-0.6725696782761378,-0.5999014035401277,-0.6048967187883252,-0.7186677641440069,7,Reconnaissance
-0.2050756298976785,-0.8204465820618376,0.1165200498573975,0.100658269452431,-0.0507835664831351,-0.195809721394863,-0.2242115977022573,-0.236283829076932,1.937826378532076,4.350495936831533,1.0231478298481755,1.0278168637926413,-0.8321753455825928,0.6920451834263169,-0.7777602849683445,-0.5999014035401277,-0.6048967187883252,-0.7186677641440069,7,Reconnaissance
0.4179793800360633,-0.8204465820618376,0.8314754426649719,-0.1571483198363496,-0.0570721694695715,-0.1984232498449636,-0.3350127988467127,-0.3141402436124051,1.937826378532076,-0.5766175772193014,-0.9773851729678829,-0.9729572625702528,-0.7530255914892935,1.8829011664328013,-0.7777602849683445,-0.5999014035401277,-0.6048967187883252,-0.7186677641440069,7,Reconnaissance
-0.2050756298976785,-0.8204465820618376,0.1165200498573975,0.1040214474454053,-0.0507835664831351,-0.195809721394863,-0.2242115977022573,-0.236283829076932,1.937826378532076,4.350495936831533,1.0231478298481755,1.0278168637926413,-0.3572768210227971,0.6920451834263169,-0.7777602849683445,-0.5003619023185456,-0.6048967187883252,-0.64238695660746,7,Reconnaissance
0.521821881691687,-0.8204465820618376,0.8314754426649719,-0.1571488594990571,-0.0565639995312736,-0.1984232498449636,-0.3350127988467127,-0.3141402436124051,1.937826378532076,-0.5766175772193014,-0.9773851729678829,-0.9729572625702528,-0.5155763292093957,1.8829011664328013,-0.5673790715839311,-0.4008224010969635,-0.3310500452818861,-0.4135445339978194,7,Reconnaissance
0.4179793800360633,-0.8204465820618376,0.8314754426649719,-0.1571467008482272,-0.0570721694695715,-0.1984232498449636,-0.3350127988467127,-0.3141402436124051,1.937826378532076,-0.5766175772193014,-0.9773851729678829,-0.9729572625702528,-0.5155763292093957,1.8829011664328013,-0.6725696782761378,-0.5003619023185456,-0.4679733820351056,-0.64238695660746,7,Reconnaissance
0.4179793800360633,-0.8204465820618376,0.8314754426649719,-0.1571472405109347,-0.0570721694695715,-0.1984232498449636,-0.3350127988467127,-0.3141402436124051,1.937826378532076,-0.5766175772193014,-0.9773851729678829,-0.9729572625702528,-0.8321753455825928,1.8829011664328013,-0.6725696782761378,-0.5999014035401277,-0.6048967187883252,-0.7186677641440069,7,Reconnaissance
0.4179793800360633,-0.8204465820618376,0.8314754426649719,-0.1571488594990571,-0.0561828720775502,-0.1984232498449636,-0.3350127988467127,-0.3141402436124051,1.937826378532076,-0.5766175772193014,-0.9773851729678829,-0.9729572625702528,-0.8321753455825928,1.8829011664328013,-0.7777602849683445,-0.5999014035401277,-0.6048967187883252,-0.7186677641440069,8,Shellcode
-0.2050756298976785,-0.8204465820618376,0.1165200498573975,0.0854546218261365,-0.0480203924436403,-0.1964446463855654,-0.2242115977022573,-0.2557479327108003,1.937826378532076,4.350495936831533,1.0231478298481755,1.0278168637926413,-0.5947260833026949,0.6920451834263169,-0.7777602849683445,-0.5999014035401277,-0.6048967187883252,-0.7186677641440069,8,Shellcode
-0.2050756298976785,-0.8204465820618376,0.1165200498573975,-0.0536580119182357,-0.0504977208928425,-0.1964446463855654,-0.2242115977022573,-0.2557479327108003,1.937826378532076,4.350495936831533,1.0231478298481755,1.0278168637926413,-0.5155763292093957,0.6920451834263169,-0.7777602849683445,-0.5999014035401277,-0.6048967187883252,-0.7186677641440069,8,Shellcode
0.4179793800360633,-0.8204465820618376,0.8314754426649719,-0.1571493991617646,-0.0572944938175768,-0.1984232498449636,-0.3350127988467127,-0.3141402436124051,1.937826378532076,-0.5766175772193014,-0.9773851729678829,-0.9729572625702528,-0.8321753455825928,1.8829011664328013,-0.7777602849683445,-0.5999014035401277,-0.6048967187883252,-0.7186677641440069,8,Shellcode
0.4179793800360633,-0.8204465820618376,0.8314754426649719,-0.1571488594990571,-0.0568498451215662,-0.1984232498449636,-0.3350127988467127,-0.3141402436124051,1.937826378532076,-0.5766175772193014,-0.9773851729678829,-0.9729572625702528,-0.8321753455825928,1.8829011664328013,-0.7777602849683445,-0.5999014035401277,-0.6048967187883252,-0.7186677641440069,8,Shellcode
-0.2050756298976785,-0.8204465820618376,0.1165200498573975,-0.0899422340552102,-0.0505930027562734,-0.1964446463855654,-0.2242115977022573,-0.2557479327108003,1.937826378532076,4.350495936831533,1.0231478298481755,1.0278168637926413,-0.7530255914892935,0.6920451834263169,-0.7777602849683445,-0.5999014035401277,-0.6048967187883252,-0.7186677641440069,8,Shellcode
0.4179793800360633,-0.8204465820618376,0.8314754426649719,-0.157146970679581,-0.0550394897163799,-0.1984232498449636,-0.3350127988467127,-0.3141402436124051,1.937826378532076,-0.5766175772193014,-0.9773851729678829,-0.9729572625702528,-0.8321753455825928,1.8829011664328013,-0.7777602849683445,-0.5999014035401277,-0.6048967187883252,-0.7186677641440069,8,Shellcode
-0.2050756298976785,-0.8204465820618376,0.1165200498573975,-0.0429254698233583,-0.0495131416373904,-0.1964446463855654,-0.2242115977022573,-0.2557479327108003,1.937826378532076,4.350495936831533,1.0231478298481755,1.0278168637926413,-0.7530255914892935,0.6920451834263169,-0.7777602849683445,-0.5999014035401277,-0.6048967187883252,-0.7186677641440069,8,Shellcode
-0.2050756298976785,-0.8204465820618376,0.1165200498573975,-0.0429176447141,-0.0462100370384541,-0.1964446463855654,-0.2242115977022573,-0.2557479327108003,1.937826378532076,4.350495936831533,1.0231478298481755,1.0278168637926413,-0.7530255914892935,0.6920451834263169,-0.7777602849683445,-0.5999014035401277,-0.6048967187883252,-0.7186677641440069,8,Shellcode
0.4179793800360633,-0.8204465820618376,0.8314754426649719,-0.1571477801736422,-0.0541819529455022,-0.1984232498449636,-0.3350127988467127,-0.3141402436124051,1.937826378532076,-0.5766175772193014,-0.9773851729678829,-0.9729572625702528,-0.8321753455825928,1.8829011664328013,0.9052894221069632,-0.5999014035401277,-0.6048967187883252,-0.7186677641440069,8,Shellcode
-0.2050756298976785,-0.8204465820618376,0.1165200498573975,-0.1035662889367301,-0.0497672266065393,-0.1964446463855654,-0.2242115977022573,-0.2557479327108003,1.937826378532076,4.350495936831533,1.0231478298481755,1.0278168637926413,-0.8321753455825928,0.6920451834263169,-0.6725696782761378,-0.5999014035401277,-0.6048967187883252,-0.7186677641440069,8,Shellcode
0.4179793800360633,-0.8204465820618376,0.8314754426649719,-0.1571485896677034,-0.0546583622626565,-0.1984232498449636,-0.3350127988467127,-0.3141402436124051,1.937826378532076,-0.5766175772193014,-0.9773851729678829,-0.9729572625702528,-0.6738758373959942,1.8829011664328013,-0.7777602849683445,-0.5999014035401277,-0.6048967187883252,-0.7186677641440069,8,Shellcode
-0.2050756298976785,-0.8204465820618376,0.1165200498573975,0.0147914567409224,-0.0508153271042787,-0.195809721394863,-0.2242115977022573,-0.236283829076932,1.937826378532076,4.350495936831533,1.0231478298481755,1.0278168637926413,-0.7530255914892935,0.6920451834263169,-0.7777602849683445,-0.5999014035401277,-0.6048967187883252,-0.7186677641440069,8,Shellcode
-0.2050756298976785,-0.8204465820618376,0.1165200498573975,-0.0565765078402519,-0.0511011726945713,-0.1964446463855654,-0.2242115977022573,-0.2557479327108003,1.937826378532076,4.350495936831533,1.0231478298481755,1.0278168637926413,-0.5155763292093957,0.6920451834263169,-0.7777602849683445,-0.5999014035401277,-0.6048967187883252,-0.7186677641440069,8,Shellcode
-0.2050756298976785,-0.8204465820618376,0.1165200498573975,-0.016753987161728,-0.0509423695888532,-0.1964446463855654,-0.2242115977022573,-0.2557479327108003,1.937826378532076,4.350495936831533,1.0231478298481755,1.0278168637926413,-0.8321753455825928,0.6920451834263169,-0.7777602849683445,-0.5999014035401277,-0.6048967187883252,-0.7186677641440069,8,Shellcode
-0.2050756298976785,-0.8204465820618376,0.1165200498573975,0.0186449183036362,-0.0407789708228954,-0.1964446463855654,-0.2242115977022573,-0.2557479327108003,1.937826378532076,4.350495936831533,1.0231478298481755,1.0278168637926413,-0.7530255914892935,0.6920451834263169,-0.7777602849683445,-0.5999014035401277,-0.6048967187883252,-0.7186677641440069,8,Shellcode
0.4179793800360633,-0.8204465820618376,0.8314754426649719,-0.1571488594990571,-0.0572944938175768,-0.1984232498449636,-0.3350127988467127,-0.3141402436124051,1.937826378532076,-0.5766175772193014,-0.9773851729678829,-0.9729572625702528,-0.8321753455825928,1.8829011664328013,-0.5673790715839311,-0.5999014035401277,-0.6048967187883252,-0.7186677641440069,8,Shellcode
0.4179793800360633,-0.8204465820618376,0.8314754426649719,-0.1571488594990571,-0.0572944938175768,-0.1984232498449636,-0.3350127988467127,-0.3141402436124051,1.937826378532076,-0.5766175772193014,-0.9773851729678829,-0.9729572625702528,-0.8321753455825928,1.8829011664328013,-0.7777602849683445,-0.5999014035401277,-0.6048967187883252,-0.7186677641440069,8,Shellcode
0.4179793800360633,-0.8204465820618376,0.8314754426649719,-0.1571485896677034,-0.0531338524477628,-0.1984232498449636,-0.3350127988467127,-0.3141402436124051,1.937826378532076,-0.5766175772193014,-0.9773851729678829,-0.9729572625702528,-0.8321753455825928,1.8829011664328013,-0.7777602849683445,-0.5999014035401277,-0.6048967187883252,-0.7186677641440069,8,Shellcode
-0.2050756298976785,-0.8204465820618376,0.1165200498573975,0.328171971982607,-0.0496401841219648,-0.195809721394863,-0.2242115977022573,-0.236283829076932,1.937826378532076,4.350495936831533,1.0231478298481755,1.0278168637926413,-0.8321753455825928,0.6920451834263169,-0.7777602849683445,-0.5999014035401277,-0.6048967187883252,-0.7186677641440069,8,Shellcode
0.4179793800360633,-0.8204465820618376,0.8314754426649719,-0.157146970679581,-0.0367453719376559,-0.1984232498449636,-0.3350127988467127,-0.3141402436124051,1.937826378532076,-0.5766175772193014,-0.9773851729678829,-0.9729572625702528,-0.8321753455825928,1.8829011664328013,-0.7777602849683445,-0.5999014035401277,-0.6048967187883252,-0.7186677641440069,8,Shellcode
-0.2050756298976785,-0.8204465820618376,0.1165200498573975,0.2868435225188786,-0.0513234970425766,-0.195809721394863,-0.2242115977022573,-0.236283829076932,1.937826378532076,4.350495936831533,1.0231478298481755,1.0278168637926413,-0.7530255914892935,0.6920451834263169,-0.7777602849683445,-0.5999014035401277,-0.6048967187883252,0.7306675790503839,8,Shellcode
-0.2050756298976785,-0.8204465820618376,0.1165200498573975,-0.0233438084826858,-0.0496084235008212,-0.1964446463855654,-0.2242115977022573,-0.2557479327108003,1.937826378532076,4.350495936831533,1.0231478298481755,1.0278168637926413,-0.8321753455825928,0.6920451834263169,-0.7777602849683445,-0.5999014035401277,-0.6048967187883252,-0.7186677641440069,8,Shellcode
0.4179793800360633,-0.8204465820618376,0.8314754426649719,-0.1571464310168735,-0.0497354659853957,-0.1984232498449636,-0.3350127988467127,-0.3141402436124051,1.937826378532076,-0.5766175772193014,-0.9773851729678829,-0.9729572625702528,-0.8321753455825928,1.8829011664328013,-0.7777602849683445,-0.5999014035401277,-0.6048967187883252,-0.7186677641440069,8,Shellcode
0.4179793800360633,-0.8204465820618376,0.8314754426649719,-0.1571472405109347,-0.05653223891013,-0.1984232498449636,-0.3350127988467127,-0.3141402436124051,1.937826378532076,-0.5766175772193014,-0.9773851729678829,-0.9729572625702528,-0.5947260833026949,1.8829011664328013,-0.7777602849683445,-0.5999014035401277,-0.6048967187883252,-0.7186677641440069,8,Shellcode
0.4179793800360633,-0.8204465820618376,0.8314754426649719,-0.1571485896677034,-0.0566592813947044,-0.1984232498449636,-0.3350127988467127,-0.3141402436124051,1.937826378532076,-0.5766175772193014,-0.9773851729678829,-0.9729572625702528,-0.8321753455825928,1.8829011664328013,-0.7777602849683445,-0.5999014035401277,-0.6048967187883252,-0.7186677641440069,8,Shellcode
-0.2050756298976785,-0.8204465820618376,0.1165200498573975,0.5773393708187998,-0.0507835664831351,-0.195809721394863,-0.2242115977022573,-0.236283829076932,1.937826378532076,4.350495936831533,1.0231478298481755,1.0278168637926413,-0.8321753455825928,0.6920451834263169,-0.7777602849683445,-0.5999014035401277,-0.6048967187883252,-0.7186677641440069,8,Shellcode
-0.2050756298976785,-0.8204465820618376,0.1165200498573975,-0.0159855074662859,-0.0502436359236936,-0.1964446463855654,-0.2242115977022573,-0.2557479327108003,1.937826378532076,4.350495936831533,1.0231478298481755,1.0278168637926413,-0.8321753455825928,0.6920451834263169,-0.7777602849683445,-0.5999014035401277,-0.6048967187883252,-0.7186677641440069,8,Shellcode
-0.2050756298976785,-0.8204465820618376,0.1165200498573975,-0.1071920128368902,-0.0517681457385873,-0.1964446463855654,-0.2242115977022573,-0.2557479327108003,1.937826378532076,4.350495936831533,1.0231478298481755,1.0278168637926413,-0.7530255914892935,0.6920451834263169,-0.7777602849683445,-0.5999014035401277,-0.6048967187883252,-0.7186677641440069,8,Shellcode
-0.2050756298976785,-0.8204465820618376,0.1165200498573975,-0.049521497265452,-0.0301709233609269,-0.1964446463855654,-0.2242115977022573,-0.2557479327108003,1.937826378532076,4.350495936831533,1.0231478298481755,1.0278168637926413,-0.8321753455825928,0.6920451834263169,-0.7777602849683445,-0.5999014035401277,-0.6048967187883252,-0.7186677641440069,8,Shellcode
0.4179793800360633,-0.8204465820618376,0.8314754426649719,-0.1571493991617646,-0.0566275207735608,-0.1984232498449636,-0.3350127988467127,-0.3141402436124051,1.937826378532076,-0.5766175772193014,-0.9773851729678829,-0.9729572625702528,-0.3572768210227971,1.8829011664328013,-0.7777602849683445,-0.5999014035401277,-0.6048967187883252,-0.7186677641440069,8,Shellcode
0.4179793800360633,-0.8204465820618376,0.8314754426649719,-0.1571472405109347,-0.0544042772935076,-0.1984232498449636,-0.3350127988467127,-0.3141402436124051,1.937826378532076,-0.5766175772193014,-0.9773851729678829,-0.9729572625702528,-0.8321753455825928,1.8829011664328013,-0.7777602849683445,-0.5999014035401277,-0.6048967187883252,-0.7186677641440069,8,Shellcode
0.4179793800360633,-0.8204465820618376,0.8314754426649719,-0.1571448120287511,-0.0559605477295448,-0.1984232498449636,-0.3350127988467127,-0.3141402436124051,1.937826378532076,-0.5766175772193014,-0.9773851729678829,-0.9729572625702528,-0.6738758373959942,1.8829011664328013,-0.7777602849683445,-0.5999014035401277,-0.6048967187883252,-0.7186677641440069,8,Shellcode
0.4179793800360633,-0.8204465820618376,0.8314754426649719,-0.157146970679581,-0.0569768876061406,-0.1984232498449636,-0.3350127988467127,-0.3141402436124051,1.937826378532076,-0.5766175772193014,-0.9773851729678829,-0.9729572625702528,-0.8321753455825928,1.8829011664328013,-0.7777602849683445,-0.5999014035401277,-0.6048967187883252,-0.7186677641440069,8,Shellcode
-0.2050756298976785,1.3874662752480755,0.1165200498573975,0.1605802578394482,-0.0390003760388528,-0.195809721394863,-0.2242115977022573,-0.236283829076932,1.937826378532076,4.350495936831533,1.0231478298481755,1.0278168637926413,-0.8321753455825928,0.6920451834263169,-0.7777602849683445,-0.5999014035401277,-0.6048967187883252,-0.7186677641440069,9,Worms
-0.2050756298976785,1.3874662752480755,0.1165200498573975,0.0063527509841607,-0.03906389728114,-0.1964446463855654,-0.2242115977022573,-0.2557479327108003,1.937826378532076,4.350495936831533,1.0231478298481755,1.0278168637926413,-0.8321753455825928,0.6920451834263169,-0.5673790715839311,-0.5999014035401277,-0.6048967187883252,-0.1847021113881787,9,Worms
-0.2050756298976785,1.3874662752480755,0.1165200498573975,-0.1100603201271113,-0.0389686154177091,-0.1964446463855654,-0.2242115977022573,-0.2557479327108003,1.937826378532076,4.350495936831533,1.0231478298481755,1.0278168637926413,-0.8321753455825928,0.6920451834263169,-0.7777602849683445,-0.5999014035401277,-0.6048967187883252,-0.7186677641440069,9,Worms
-0.2050756298976785,1.3874662752480755,0.1165200498573975,0.1377630487361188,-0.0389686154177091,-0.195809721394863,-0.2242115977022573,-0.236283829076932,1.937826378532076,4.350495936831533,1.0231478298481755,1.0278168637926413,-0.8321753455825928,0.6920451834263169,-0.6725696782761378,-0.5999014035401277,-0.6048967187883252,-0.7186677641440069,9,Worms
-0.2050756298976785,1.3874662752480755,0.1165200498573975,-0.0479591737273165,-0.03906389728114,-0.1964446463855654,-0.2242115977022573,-0.2557479327108003,1.937826378532076,4.350495936831533,1.0231478298481755,1.0278168637926413,-0.8321753455825928,0.6920451834263169,-0.7777602849683445,-0.5999014035401277,-0.6048967187883252,-0.7186677641440069,9,Worms
-0.2050756298976785,1.3874662752480755,0.1165200498573975,1.426664047648045,-0.0079067279392506,3.3574667777351217,0.5790971105950449,3.1310060995822764,1.937826378532076,4.350495936831533,1.0231478298481755,1.0278168637926413,-0.8321753455825928,0.6920451834263169,-0.7777602849683445,-0.5999014035401277,-0.6048967187883252,-0.7186677641440069,9,Worms
-0.2050756298976785,1.3874662752480755,0.1165200498573975,-0.1017060715840692,-0.0388733335542783,-0.1964446463855654,-0.2242115977022573,-0.2557479327108003,1.937826378532076,4.350495936831533,1.0231478298481755,1.0278168637926413,-0.8321753455825928,0.6920451834263169,-0.7777602849683445,-0.5999014035401277,-0.6048967187883252,-0.7186677641440069,9,Worms
0.4179793800360633,-0.8204465820618376,0.8314754426649719,-0.1571488594990571,-0.058279073073029,-0.1984232498449636,-0.3350127988467127,-0.3141402436124051,1.937826378532076,-0.5766175772193014,-0.9773851729678829,-0.9729572625702528,-0.8321753455825928,1.8829011664328013,-0.7777602849683445,-0.5999014035401277,-0.6048967187883252,-0.7186677641440069,9,Worms
-0.2050756298976785,1.3874662752480755,0.1165200498573975,-0.0714730873859941,-0.03906389728114,-0.1964446463855654,-0.2242115977022573,-0.2557479327108003,1.937826378532076,4.350495936831533,1.0231478298481755,1.0278168637926413,-0.8321753455825928,0.6920451834263169,-0.7777602849683445,-0.5999014035401277,-0.6048967187883252,-0.7186677641440069,9,Worms
-0.2050756298976785,1.3874662752480755,0.1165200498573975,0.8873880085045436,-0.0233106291939054,2.0775096764201786,0.2743938074477923,1.9436957779163129,1.937826378532076,4.350495936831533,1.0231478298481755,1.0278168637926413,-0.8321753455825928,0.6920451834263169,-0.7777602849683445,-0.5999014035401277,-0.6048967187883252,-0.7186677641440069,9,Worms
0.4179793800360633,-0.8204465820618376,0.8314754426649719,-0.1571477801736422,-0.0469087707036137,-0.1984232498449636,-0.3350127988467127,-0.3141402436124051,1.937826378532076,-0.5766175772193014,-0.9773851729678829,-0.9729572625702528,-0.7530255914892935,1.8829011664328013,-0.7777602849683445,-0.5999014035401277,-0.6048967187883252,-0.7186677641440069,9,Worms
-0.2050756298976785,1.3874662752480755,0.1165200498573975,-0.0229344743190672,-0.0391591791445708,-0.1964446463855654,-0.2242115977022573,-0.2557479327108003,1.937826378532076,4.350495936831533,1.0231478298481755,1.0278168637926413,-0.8321753455825928,0.6920451834263169,-0.5673790715839311,-0.5999014035401277,-0.6048967187883252,-0.7186677641440069,9,Worms
-0.2050756298976785,1.3874662752480755,-2.0283461285653255,-0.0928788086779267,-0.0464958826287466,-0.1977144963669702,-0.279612198274485,-0.2946761399785368,1.937826378532076,4.350495936831533,1.0231478298481755,1.0278168637926413,-0.8321753455825928,-0.4988107995801671,-0.6725696782761378,-0.5003619023185456,-0.4679733820351056,-0.64238695660746,9,Worms
-0.2050756298976785,1.3874662752480755,0.1165200498573975,-0.0056301896039324,0.0781327947388109,-0.195809721394863,-0.1688109971300295,-0.236283829076932,1.937826378532076,4.350495936831533,1.0231478298481755,1.0278168637926413,-0.8321753455825928,0.6920451834263169,-0.7777602849683445,-0.5999014035401277,-0.6048967187883252,-0.7186677641440069,9,Worms
-0.2050756298976785,1.3874662752480755,0.1165200498573975,1.3030945093729682,-0.0087007434678411,3.362036761098433,0.551396810308931,3.2672548250193545,1.937826378532076,4.350495936831533,1.0231478298481755,1.0278168637926413,-0.5155763292093957,0.6920451834263169,-0.4621884648917243,-0.4008224010969635,-0.4679733820351056,-0.4898253415343662,9,Worms
-0.2050756298976785,1.3874662752480755,0.1165200498573975,1.3030945093729682,-0.0087007434678411,3.362036761098433,0.551396810308931,3.2672548250193545,1.937826378532076,4.350495936831533,1.0231478298481755,1.0278168637926413,-0.5155763292093957,0.6920451834263169,-0.4621884648917243,-0.4008224010969635,-0.4679733820351056,-0.4898253415343662,9,Worms
0.4179793800360633,-0.8204465820618376,0.8314754426649719,-0.1571472405109347,-0.0469087707036137,-0.1984232498449636,-0.3350127988467127,-0.3141402436124051,1.937826378532076,-0.5766175772193014,-0.9773851729678829,-0.9729572625702528,-0.8321753455825928,1.8829011664328013,-0.7777602849683445,-0.5999014035401277,-0.6048967187883252,-0.7186677641440069,9,Worms
-0.2050756298976785,1.3874662752480755,0.1165200498573975,0.5372640181618247,-0.0279476798808736,1.7472748527676374,0.1635926063033368,1.6322701197744205,1.937826378532076,4.350495936831533,1.0231478298481755,1.0278168637926413,-0.8321753455825928,0.6920451834263169,-0.6725696782761378,-0.5999014035401277,-0.6048967187883252,-0.7186677641440069,9,Worms
0.4179793800360633,-0.8204465820618376,0.8314754426649719,-0.1571488594990571,-0.058279073073029,-0.1984232498449636,-0.3350127988467127,-0.3141402436124051,1.937826378532076,-0.5766175772193014,-0.9773851729678829,-0.9729572625702528,-0.7530255914892935,1.8829011664328013,-0.7777602849683445,-0.5999014035401277,-0.6048967187883252,-0.7186677641440069,9,Worms
0.4179793800360633,-0.8204465820618376,0.8314754426649719,-0.1571461611855197,-0.0271854249734268,-0.1984232498449636,-0.3350127988467127,-0.3141402436124051,1.937826378532076,-0.5766175772193014,-0.9773851729678829,-0.9729572625702528,-0.7530255914892935,1.8829011664328013,-0.7777602849683445,-0.5999014035401277,-0.6048967187883252,-0.7186677641440069,9,Worms
-0.2050756298976785,1.3874662752480755,0.1165200498573975,2.1996922902201153,0.0221070590414684,6.555096687887011,1.2162040171756636,6.362047302804408,1.937826378532076,4.350495936831533,1.0231478298481755,1.0278168637926413,-0.8321753455825928,0.6920451834263169,-0.6725696782761378,-0.5999014035401277,-0.6048967187883252,-0.7186677641440069,9,Worms
-0.2050756298976785,1.3874662752480755,0.1165200498573975,-0.0934352009293318,-0.03906389728114,-0.1964446463855654,-0.2242115977022573,-0.2557479327108003,1.937826378532076,4.350495936831533,1.0231478298481755,1.0278168637926413,-0.6738758373959942,0.6920451834263169,-0.7777602849683445,-0.5999014035401277,-0.6048967187883252,-0.7186677641440069,9,Worms
-0.2050756298976785,1.3874662752480755,0.1165200498573975,0.0286213929453434,-0.03906389728114,-0.1964446463855654,-0.2242115977022573,-0.2557479327108003,1.937826378532076,4.350495936831533,1.0231478298481755,1.0278168637926413,-0.8321753455825928,0.6920451834263169,-0.7777602849683445,-0.5999014035401277,-0.6048967187883252,-0.7186677641440069,9,Worms
-0.2050756298976785,1.3874662752480755,0.1165200498573975,0.2125932194170888,-0.0389686154177091,-0.195809721394863,-0.2242115977022573,-0.236283829076932,1.937826378532076,4.350495936831533,1.0231478298481755,1.0278168637926413,-0.8321753455825928,0.6920451834263169,-0.6725696782761378,-0.5999014035401277,-0.6048967187883252,-0.7186677641440069,9,Worms
-0.2050756298976785,1.3874662752480755,0.1165200498573975,-0.0849762578210399,-0.0435103842412465,-0.1964446463855654,-0.2242115977022573,-0.2557479327108003,1.937826378532076,4.350495936831533,1.0231478298481755,1.0278168637926413,-0.8321753455825928,0.6920451834263169,-0.7777602849683445,-0.5999014035401277,-0.6048967187883252,-0.7186677641440069,9,Worms
-0.2050756298976785,1.3874662752480755,0.1165200498573975,-0.08692740833991,-0.03906389728114,-0.1964446463855654,-0.2242115977022573,-0.2557479327108003,1.937826378532076,4.350495936831533,1.0231478298481755,1.0278168637926413,-0.8321753455825928,0.6920451834263169,-0.7777602849683445,-0.5999014035401277,-0.6048967187883252,-0.7186677641440069,9,Worms
-0.2050756298976785,1.3874662752480755,0.1165200498573975,-0.0592664566056531,-0.0388733335542783,-0.1964446463855654,-0.2242115977022573,-0.2557479327108003,1.937826378532076,4.350495936831533,1.0231478298481755,1.0278168637926413,-0.8321753455825928,0.6920451834263169,-0.7777602849683445,-0.5999014035401277,-0.6048967187883252,-0.7186677641440069,9,Worms
0.4179793800360633,-0.8204465820618376,0.8314754426649719,-0.1571480500049959,-0.0271854249734268,-0.1984232498449636,-0.3350127988467127,-0.3141402436124051,1.937826378532076,-0.5766175772193014,-0.9773851729678829,-0.9729572625702528,-0.8321753455825928,1.8829011664328013,-0.6725696782761378,-0.5999014035401277,-0.6048967187883252,-0.7186677641440069,9,Worms
-0.2050756298976785,1.3874662752480755,0.1165200498573975,0.2843910253447658,-0.0392227003868581,-0.195809721394863,-0.2242115977022573,-0.236283829076932,1.937826378532076,4.350495936831533,1.0231478298481755,1.0278168637926413,-0.8321753455825928,0.6920451834263169,-0.6725696782761378,-0.5999014035401277,-0.6048967187883252,-0.7186677641440069,9,Worms
-0.2050756298976785,-0.8204465820618376,-2.0283461285653255,-0.0928788086779267,-0.0464958826287466,-0.1977144963669702,-0.279612198274485,-0.2946761399785368,1.937826378532076,4.350495936831533,1.0231478298481755,1.0278168637926413,-0.4364265751160964,-0.4988107995801671,-0.6725696782761378,-0.5003619023185456,-0.4679733820351056,-0.64238695660746,9,Worms
-0.2050756298976785,1.3874662752480755,0.1165200498573975,-0.060795590887279,0.0781327947388109,-0.1964446463855654,-0.1688109971300295,-0.2557479327108003,1.937826378532076,4.350495936831533,1.0231478298481755,1.0278168637926413,-0.8321753455825928,0.6920451834263169,-0.7777602849683445,-0.5999014035401277,-0.6048967187883252,-0.7186677641440069,9,Worms
-0.2050756298976785,1.3874662752480755,0.1165200498573975,0.0181613805177401,-0.0391591791445708,-0.195809721394863,-0.2242115977022573,-0.236283829076932,1.937826378532076,4.350495936831533,1.0231478298481755,1.0278168637926413,-0.8321753455825928,0.6920451834263169,-0.7777602849683445,-0.5999014035401277,-0.6048967187883252,-0.7186677641440069,9,Worms
-0.2050756298976785,1.3874662752480755,0.1165200498573975,-0.0035997086670637,-0.0391909397657145,-0.1964446463855654,-0.2242115977022573,-0.2557479327108003,1.937826378532076,4.350495936831533,1.0231478298481755,1.0278168637926413,-0.8321753455825928,0.6920451834263169,-0.7777602849683445,-0.5999014035401277,-0.6048967187883252,-0.7186677641440069,9,Worms
-0.2050756298976785,1.3874662752480755,0.1165200498573975,-0.0873521228906916,-0.0435103842412465,-0.1964446463855654,-0.2242115977022573,-0.2557479327108003,1.937826378532076,4.350495936831533,1.0231478298481755,1.0278168637926413,-0.8321753455825928,0.6920451834263169,-0.5673790715839311,-0.5999014035401277,-0.6048967187883252,-0.7186677641440069,9,Worms
